date,cases,deaths,country,population,cumulative_cases,cases_7day_rollmean,cumulative_deaths,deaths_7day_rollmean
2019-12-31,0,0,France,66987244,0,NA,0,NA
2020-01-01,0,0,France,66987244,0,NA,0,NA
2020-01-02,0,0,France,66987244,0,NA,0,NA
2020-01-03,0,0,France,66987244,0,NA,0,NA
2020-01-04,0,0,France,66987244,0,NA,0,NA
2020-01-05,0,0,France,66987244,0,NA,0,NA
2020-01-06,0,0,France,66987244,0,0,0,0
2020-01-07,0,0,France,66987244,0,0,0,0
2020-01-08,0,0,France,66987244,0,0,0,0
2020-01-09,0,0,France,66987244,0,0,0,0
2020-01-10,0,0,France,66987244,0,0,0,0
2020-01-11,0,0,France,66987244,0,0,0,0
2020-01-12,0,0,France,66987244,0,0,0,0
2020-01-13,0,0,France,66987244,0,0,0,0
2020-01-14,0,0,France,66987244,0,0,0,0
2020-01-15,0,0,France,66987244,0,0,0,0
2020-01-16,0,0,France,66987244,0,0,0,0
2020-01-17,0,0,France,66987244,0,0,0,0
2020-01-18,0,0,France,66987244,0,0,0,0
2020-01-19,0,0,France,66987244,0,0,0,0
2020-01-20,0,0,France,66987244,0,0,0,0
2020-01-21,0,0,France,66987244,0,0,0,0
2020-01-22,0,0,France,66987244,0,0,0,0
2020-01-23,0,0,France,66987244,0,0,0,0
2020-01-24,0,0,France,66987244,0,0,0,0
2020-01-25,3,0,France,66987244,3,0.42857142857142855,0,0
2020-01-26,0,0,France,66987244,3,0.42857142857142855,0,0
2020-01-27,0,0,France,66987244,3,0.42857142857142855,0,0
2020-01-28,0,0,France,66987244,3,0.42857142857142855,0,0
2020-01-29,1,0,France,66987244,4,0.5714285714285714,0,0
2020-01-30,1,0,France,66987244,5,0.7142857142857143,0,0
2020-01-31,1,0,France,66987244,6,0.8571428571428571,0,0
2020-02-01,0,0,France,66987244,6,0.42857142857142855,0,0
2020-02-02,0,0,France,66987244,6,0.42857142857142855,0,0
2020-02-03,0,0,France,66987244,6,0.42857142857142855,0,0
2020-02-04,0,0,France,66987244,6,0.42857142857142855,0,0
2020-02-05,0,0,France,66987244,6,0.2857142857142857,0,0
2020-02-06,0,0,France,66987244,6,0.14285714285714285,0,0
2020-02-07,0,0,France,66987244,6,0,0,0
2020-02-08,5,0,France,66987244,11,0.7142857142857143,0,0
2020-02-09,0,0,France,66987244,11,0.7142857142857143,0,0
2020-02-10,0,0,France,66987244,11,0.7142857142857143,0,0
2020-02-11,0,0,France,66987244,11,0.7142857142857143,0,0
2020-02-12,0,0,France,66987244,11,0.7142857142857143,0,0
2020-02-13,0,0,France,66987244,11,0.7142857142857143,0,0
2020-02-14,0,0,France,66987244,11,0.7142857142857143,0,0
2020-02-15,0,1,France,66987244,11,0,1,0.14285714285714285
2020-02-16,0,0,France,66987244,11,0,1,0.14285714285714285
2020-02-17,1,0,France,66987244,12,0.14285714285714285,1,0.14285714285714285
2020-02-18,0,0,France,66987244,12,0.14285714285714285,1,0.14285714285714285
2020-02-19,0,0,France,66987244,12,0.14285714285714285,1,0.14285714285714285
2020-02-20,0,0,France,66987244,12,0.14285714285714285,1,0.14285714285714285
2020-02-21,0,0,France,66987244,12,0.14285714285714285,1,0.14285714285714285
2020-02-22,0,0,France,66987244,12,0.14285714285714285,1,0
2020-02-23,0,0,France,66987244,12,0.14285714285714285,1,0
2020-02-24,0,0,France,66987244,12,0,1,0
2020-02-25,0,0,France,66987244,12,0,1,0
2020-02-26,2,0,France,66987244,14,0.2857142857142857,1,0
2020-02-27,3,1,France,66987244,17,0.7142857142857143,2,0.14285714285714285
2020-02-28,21,0,France,66987244,38,3.7142857142857144,2,0.14285714285714285
2020-02-29,19,0,France,66987244,57,6.428571428571429,2,0.14285714285714285
2020-03-01,43,0,France,66987244,100,12.571428571428571,2,0.14285714285714285
2020-03-02,30,0,France,66987244,130,16.857142857142858,2,0.14285714285714285
2020-03-03,48,1,France,66987244,178,23.714285714285715,3,0.2857142857142857
2020-03-04,34,1,France,66987244,212,28.285714285714285,4,0.42857142857142855
2020-03-05,73,0,France,66987244,285,38.285714285714285,4,0.2857142857142857
2020-03-06,138,3,France,66987244,423,55,7,0.7142857142857143
2020-03-07,190,2,France,66987244,613,79.42857142857143,9,1
2020-03-08,103,1,France,66987244,716,88,10,1.1428571428571428
2020-03-09,410,9,France,66987244,1126,142.28571428571428,19,2.4285714285714284
2020-03-10,286,11,France,66987244,1412,176.28571428571428,30,3.857142857142857
2020-03-11,372,3,France,66987244,1784,224.57142857142858,33,4.142857142857143
2020-03-12,497,15,France,66987244,2281,285.14285714285717,48,6.285714285714286
2020-03-13,595,13,France,66987244,2876,350.42857142857144,61,7.714285714285714
2020-03-14,785,18,France,66987244,3661,435.42857142857144,79,10
2020-03-15,838,12,France,66987244,4499,540.4285714285714,91,11.571428571428571
2020-03-16,924,36,France,66987244,5423,613.8571428571429,127,15.428571428571429
2020-03-17,1210,21,France,66987244,6633,745.8571428571429,148,16.857142857142858
2020-03-18,1097,27,France,66987244,7730,849.4285714285714,175,20.285714285714285
2020-03-19,1404,69,France,66987244,9134,979,244,28
2020-03-20,1861,128,France,66987244,10995,1159.857142857143,372,44.42857142857143
2020-03-21,1617,78,France,66987244,12612,1278.7142857142858,450,53
2020-03-22,1847,112,France,66987244,14459,1422.857142857143,562,67.28571428571429
2020-03-23,1559,112,France,66987244,16018,1513.5714285714287,674,78.14285714285714
2020-03-24,3838,186,France,66987244,19856,1889,860,101.71428571428571
2020-03-25,2446,240,France,66987244,22302,2081.714285714286,1100,132.14285714285714
2020-03-26,2931,231,France,66987244,25233,2299.8571428571427,1331,155.28571428571428
2020-03-27,3922,365,France,66987244,29155,2594.285714285714,1696,189.14285714285714
2020-03-28,3809,299,France,66987244,32964,2907.4285714285716,1995,220.71428571428572
2020-03-29,4611,319,France,66987244,37575,3302.285714285714,2314,250.28571428571428
2020-03-30,2599,292,France,66987244,40174,3450.8571428571427,2606,276
2020-03-31,4376,418,France,66987244,44550,3527.714285714286,3024,309.14285714285717
2020-04-01,7578,499,France,66987244,52128,4260.857142857143,3523,346.14285714285717
2020-04-02,4861,509,France,66987244,56989,4536.571428571428,4032,385.85714285714283
2020-04-03,2116,471,France,66987244,59105,4278.571428571428,4503,401
2020-04-04,5233,2004,France,66987244,64338,4482,6507,644.5714285714286
2020-04-05,4267,1053,France,66987244,68605,4432.857142857143,7560,749.4285714285714
2020-04-06,1873,518,France,66987244,70478,4329.142857142857,8078,781.7142857142857
2020-04-07,3912,833,France,66987244,74390,4262.857142857143,8911,841
2020-04-08,3777,1417,France,66987244,78167,3719.8571428571427,10328,972.1428571428571
2020-04-09,3881,541,France,66987244,82048,3579.8571428571427,10869,976.7142857142857
2020-04-10,4286,1341,France,66987244,86334,3889.8571428571427,12210,1101
2020-04-11,4342,987,France,66987244,90676,3762.5714285714284,13197,955.7142857142857
2020-04-12,3114,635,France,66987244,93790,3597.8571428571427,13832,896
2020-04-13,1613,561,France,66987244,95403,3560.714285714286,14393,902.1428571428571
2020-04-14,2673,574,France,66987244,98076,3383.714285714286,14967,865.1428571428571
2020-04-15,5497,762,France,66987244,103573,3629.4285714285716,15729,771.5714285714286
2020-04-16,2633,1438,France,66987244,106206,3451.1428571428573,17167,899.7142857142857
2020-04-17,2641,753,France,66987244,108847,3216.1428571428573,17920,815.7142857142857
2020-04-18,405,761,France,66987244,109252,2653.714285714286,18681,783.4285714285714
2020-04-19,2569,642,France,66987244,111821,2575.8571428571427,19323,784.4285714285714
2020-04-20,785,395,France,66987244,112606,2457.5714285714284,19718,760.7142857142857
2020-04-21,2051,547,France,66987244,114657,2368.714285714286,20265,756.8571428571429
2020-04-22,2667,531,France,66987244,117324,1964.4285714285713,20796,723.8571428571429
2020-04-23,1827,544,France,66987244,119151,1849.2857142857142,21340,596.1428571428571
2020-04-24,1653,516,France,66987244,120804,1708.142857142857,21856,562.2857142857143
2020-04-25,1773,389,France,66987244,122577,1903.5714285714287,22245,509.14285714285717
2020-04-26,1537,369,France,66987244,124114,1756.142857142857,22614,470.14285714285717
2020-04-27,461,242,France,66987244,124575,1709.857142857143,22856,448.2857142857143
2020-04-28,1195,437,France,66987244,125770,1587.5714285714287,23293,432.57142857142856
2020-04-29,1065,367,France,66987244,126835,1358.7142857142858,23660,409.14285714285717
2020-04-30,1607,427,France,66987244,128442,1327.2857142857142,24087,392.42857142857144
2020-05-01,1139,289,France,66987244,129581,1253.857142857143,24376,360
2020-05-02,604,218,France,66987244,130185,1086.857142857143,24594,335.57142857142856
2020-05-03,794,166,France,66987244,130979,980.7142857142857,24760,306.57142857142856
2020-05-04,308,135,France,66987244,131287,958.8571428571429,24895,291.2857142857143
2020-05-05,576,306,France,66987244,131863,870.4285714285714,25201,272.57142857142856
2020-05-06,1104,330,France,66987244,132967,876,25531,267.2857142857143
2020-05-07,4183,278,France,66987244,137150,1244,25809,246
2020-05-08,629,178,France,66987244,137779,1171.142857142857,25987,230.14285714285714
2019-12-31,0,0,Germany,82927922,0,NA,0,NA
2020-01-01,0,0,Germany,82927922,0,NA,0,NA
2020-01-02,0,0,Germany,82927922,0,NA,0,NA
2020-01-03,0,0,Germany,82927922,0,NA,0,NA
2020-01-04,0,0,Germany,82927922,0,NA,0,NA
2020-01-05,0,0,Germany,82927922,0,NA,0,NA
2020-01-06,0,0,Germany,82927922,0,0,0,0
2020-01-07,0,0,Germany,82927922,0,0,0,0
2020-01-08,0,0,Germany,82927922,0,0,0,0
2020-01-09,0,0,Germany,82927922,0,0,0,0
2020-01-10,0,0,Germany,82927922,0,0,0,0
2020-01-11,0,0,Germany,82927922,0,0,0,0
2020-01-12,0,0,Germany,82927922,0,0,0,0
2020-01-13,0,0,Germany,82927922,0,0,0,0
2020-01-14,0,0,Germany,82927922,0,0,0,0
2020-01-15,0,0,Germany,82927922,0,0,0,0
2020-01-16,0,0,Germany,82927922,0,0,0,0
2020-01-17,0,0,Germany,82927922,0,0,0,0
2020-01-18,0,0,Germany,82927922,0,0,0,0
2020-01-19,0,0,Germany,82927922,0,0,0,0
2020-01-20,0,0,Germany,82927922,0,0,0,0
2020-01-21,0,0,Germany,82927922,0,0,0,0
2020-01-22,0,0,Germany,82927922,0,0,0,0
2020-01-23,0,0,Germany,82927922,0,0,0,0
2020-01-24,0,0,Germany,82927922,0,0,0,0
2020-01-25,0,0,Germany,82927922,0,0,0,0
2020-01-26,0,0,Germany,82927922,0,0,0,0
2020-01-27,0,0,Germany,82927922,0,0,0,0
2020-01-28,1,0,Germany,82927922,1,0.14285714285714285,0,0
2020-01-29,3,0,Germany,82927922,4,0.5714285714285714,0,0
2020-01-30,0,0,Germany,82927922,4,0.5714285714285714,0,0
2020-01-31,1,0,Germany,82927922,5,0.7142857142857143,0,0
2020-02-01,2,0,Germany,82927922,7,1,0,0
2020-02-02,1,0,Germany,82927922,8,1.1428571428571428,0,0
2020-02-03,1,0,Germany,82927922,9,1.2857142857142858,0,0
2020-02-04,2,0,Germany,82927922,11,1.4285714285714286,0,0
2020-02-05,0,0,Germany,82927922,11,1,0,0
2020-02-06,0,0,Germany,82927922,11,1,0,0
2020-02-07,1,0,Germany,82927922,12,1,0,0
2020-02-08,1,0,Germany,82927922,13,0.8571428571428571,0,0
2020-02-09,0,0,Germany,82927922,13,0.7142857142857143,0,0
2020-02-10,0,0,Germany,82927922,13,0.5714285714285714,0,0
2020-02-11,0,0,Germany,82927922,13,0.2857142857142857,0,0
2020-02-12,2,0,Germany,82927922,15,0.5714285714285714,0,0
2020-02-13,0,0,Germany,82927922,15,0.5714285714285714,0,0
2020-02-14,0,0,Germany,82927922,15,0.42857142857142855,0,0
2020-02-15,0,0,Germany,82927922,15,0.2857142857142857,0,0
2020-02-16,0,0,Germany,82927922,15,0.2857142857142857,0,0
2020-02-17,0,0,Germany,82927922,15,0.2857142857142857,0,0
2020-02-18,0,0,Germany,82927922,15,0.2857142857142857,0,0
2020-02-19,0,0,Germany,82927922,15,0,0,0
2020-02-20,0,0,Germany,82927922,15,0,0,0
2020-02-21,0,0,Germany,82927922,15,0,0,0
2020-02-22,0,0,Germany,82927922,15,0,0,0
2020-02-23,0,0,Germany,82927922,15,0,0,0
2020-02-24,0,0,Germany,82927922,15,0,0,0
2020-02-25,0,0,Germany,82927922,15,0,0,0
2020-02-26,2,0,Germany,82927922,17,0.2857142857142857,0,0
2020-02-27,4,0,Germany,82927922,21,0.8571428571428571,0,0
2020-02-28,26,0,Germany,82927922,47,4.571428571428571,0,0
2020-02-29,10,0,Germany,82927922,57,6,0,0
2020-03-01,54,0,Germany,82927922,111,13.714285714285714,0,0
2020-03-02,18,0,Germany,82927922,129,16.285714285714285,0,0
2020-03-03,28,0,Germany,82927922,157,20.285714285714285,0,0
2020-03-04,39,0,Germany,82927922,196,25.571428571428573,0,0
2020-03-05,66,0,Germany,82927922,262,34.42857142857143,0,0
2020-03-06,138,0,Germany,82927922,400,50.42857142857143,0,0
2020-03-07,284,0,Germany,82927922,684,89.57142857142857,0,0
2020-03-08,163,0,Germany,82927922,847,105.14285714285714,0,0
2020-03-09,55,0,Germany,82927922,902,110.42857142857143,0,0
2020-03-10,237,2,Germany,82927922,1139,140.28571428571428,2,0.2857142857142857
2020-03-11,157,0,Germany,82927922,1296,157.14285714285714,2,0.2857142857142857
2020-03-12,271,1,Germany,82927922,1567,186.42857142857142,3,0.42857142857142855
2020-03-13,802,2,Germany,82927922,2369,281.2857142857143,5,0.7142857142857143
2020-03-14,693,0,Germany,82927922,3062,339.7142857142857,5,0.7142857142857143
2020-03-15,733,3,Germany,82927922,3795,421.14285714285717,8,1.1428571428571428
2020-03-16,1043,4,Germany,82927922,4838,562.2857142857143,12,1.7142857142857142
2020-03-17,1174,1,Germany,82927922,6012,696.1428571428571,13,1.5714285714285714
2020-03-18,1144,0,Germany,82927922,7156,837.1428571428571,13,1.5714285714285714
2020-03-19,1042,0,Germany,82927922,8198,947.2857142857143,13,1.4285714285714286
2020-03-20,5940,30,Germany,82927922,14138,1681.2857142857142,43,5.428571428571429
2020-03-21,4049,2,Germany,82927922,18187,2160.714285714286,45,5.714285714285714
2020-03-22,3276,22,Germany,82927922,21463,2524,67,8.428571428571429
2020-03-23,3311,27,Germany,82927922,24774,2848,94,11.714285714285714
2020-03-24,4438,32,Germany,82927922,29212,3314.285714285714,126,16.142857142857142
2020-03-25,2342,23,Germany,82927922,31554,3485.4285714285716,149,19.428571428571427
2020-03-26,4954,49,Germany,82927922,36508,4044.285714285714,198,26.428571428571427
2020-03-27,5780,55,Germany,82927922,42288,4021.4285714285716,253,30
2020-03-28,6294,72,Germany,82927922,48582,4342.142857142857,325,40
2020-03-29,3965,64,Germany,82927922,52547,4440.571428571428,389,46
2020-03-30,4751,66,Germany,82927922,57298,4646.285714285715,455,51.57142857142857
2020-03-31,4615,128,Germany,82927922,61913,4671.571428571428,583,65.28571428571429
2020-04-01,5453,149,Germany,82927922,67366,5116,732,83.28571428571429
2020-04-02,6156,140,Germany,82927922,73522,5287.714285714285,872,96.28571428571429
2020-04-03,6174,145,Germany,82927922,79696,5344,1017,109.14285714285714
2020-04-04,6082,141,Germany,82927922,85778,5313.714285714285,1158,119
2020-04-05,5936,184,Germany,82927922,91714,5595.285714285715,1342,136.14285714285714
2020-04-06,3677,92,Germany,82927922,95391,5441.857142857143,1434,139.85714285714286
2020-04-07,3834,173,Germany,82927922,99225,5330.285714285715,1607,146.28571428571428
2020-04-08,4003,254,Germany,82927922,103228,5123.142857142857,1861,161.28571428571428
2020-04-09,4974,246,Germany,82927922,108202,4954.285714285715,2107,176.42857142857142
2020-04-10,5323,266,Germany,82927922,113525,4832.714285714285,2373,193.71428571428572
2020-04-11,4133,171,Germany,82927922,117658,4554.285714285715,2544,198
2020-04-12,2821,129,Germany,82927922,120479,4109.285714285715,2673,190.14285714285714
2020-04-13,2537,126,Germany,82927922,123016,3946.4285714285716,2799,195
2020-04-14,2082,170,Germany,82927922,125098,3696.1428571428573,2969,194.57142857142858
2020-04-15,2486,285,Germany,82927922,127584,3479.4285714285716,3254,199
2020-04-16,2866,315,Germany,82927922,130450,3178.285714285714,3569,208.85714285714286
2020-04-17,3380,299,Germany,82927922,133830,2900.714285714286,3868,213.57142857142858
2020-04-18,3609,242,Germany,82927922,137439,2825.8571428571427,4110,223.71428571428572
2020-04-19,2458,184,Germany,82927922,139897,2774,4294,231.57142857142858
2020-04-20,1775,110,Germany,82927922,141672,2665.1428571428573,4404,229.28571428571428
2020-04-21,1785,194,Germany,82927922,143457,2622.714285714286,4598,232.71428571428572
2020-04-22,2237,281,Germany,82927922,145694,2587.1428571428573,4879,232.14285714285714
2020-04-23,2352,215,Germany,82927922,148046,2513.714285714286,5094,217.85714285714286
2020-04-24,2337,227,Germany,82927922,150383,2364.714285714286,5321,207.57142857142858
2020-04-25,2055,179,Germany,82927922,152438,2142.714285714286,5500,198.57142857142858
2020-04-26,1737,140,Germany,82927922,154175,2039.7142857142858,5640,192.28571428571428
2020-04-27,1018,110,Germany,82927922,155193,1931.5714285714287,5750,192.28571428571428
2020-04-28,1144,163,Germany,82927922,156337,1840,5913,187.85714285714286
2020-04-29,1304,202,Germany,82927922,157641,1706.7142857142858,6115,176.57142857142858
2020-04-30,1478,173,Germany,82927922,159119,1581.857142857143,6288,170.57142857142858
2020-05-01,0,0,Germany,82927922,159119,1248,6288,138.14285714285714
2020-05-02,2584,287,Germany,82927922,161703,1323.5714285714287,6575,153.57142857142858
2020-05-03,793,74,Germany,82927922,162496,1188.7142857142858,6649,144.14285714285714
2020-05-04,679,43,Germany,82927922,163175,1140.2857142857142,6692,134.57142857142858
2020-05-05,685,139,Germany,82927922,163860,1074.7142857142858,6831,131.14285714285714
2020-05-06,1037,165,Germany,82927922,164897,1036.5714285714287,6996,125.85714285714286
2020-05-07,1194,123,Germany,82927922,166091,996,7119,118.71428571428571
2020-05-08,1209,147,Germany,82927922,167300,1168.7142857142858,7266,139.71428571428572
2019-12-31,0,0,Ireland,4853506,0,NA,0,NA
2020-01-01,0,0,Ireland,4853506,0,NA,0,NA
2020-01-02,0,0,Ireland,4853506,0,NA,0,NA
2020-01-03,0,0,Ireland,4853506,0,NA,0,NA
2020-01-04,0,0,Ireland,4853506,0,NA,0,NA
2020-01-05,0,0,Ireland,4853506,0,NA,0,NA
2020-01-06,0,0,Ireland,4853506,0,0,0,0
2020-01-07,0,0,Ireland,4853506,0,0,0,0
2020-01-08,0,0,Ireland,4853506,0,0,0,0
2020-01-09,0,0,Ireland,4853506,0,0,0,0
2020-01-10,0,0,Ireland,4853506,0,0,0,0
2020-01-11,0,0,Ireland,4853506,0,0,0,0
2020-01-12,0,0,Ireland,4853506,0,0,0,0
2020-01-13,0,0,Ireland,4853506,0,0,0,0
2020-01-14,0,0,Ireland,4853506,0,0,0,0
2020-01-15,0,0,Ireland,4853506,0,0,0,0
2020-01-16,0,0,Ireland,4853506,0,0,0,0
2020-01-17,0,0,Ireland,4853506,0,0,0,0
2020-01-18,0,0,Ireland,4853506,0,0,0,0
2020-01-19,0,0,Ireland,4853506,0,0,0,0
2020-01-20,0,0,Ireland,4853506,0,0,0,0
2020-01-21,0,0,Ireland,4853506,0,0,0,0
2020-01-22,0,0,Ireland,4853506,0,0,0,0
2020-01-23,0,0,Ireland,4853506,0,0,0,0
2020-01-24,0,0,Ireland,4853506,0,0,0,0
2020-01-25,0,0,Ireland,4853506,0,0,0,0
2020-01-26,0,0,Ireland,4853506,0,0,0,0
2020-01-27,0,0,Ireland,4853506,0,0,0,0
2020-01-28,0,0,Ireland,4853506,0,0,0,0
2020-01-29,0,0,Ireland,4853506,0,0,0,0
2020-01-30,0,0,Ireland,4853506,0,0,0,0
2020-01-31,0,0,Ireland,4853506,0,0,0,0
2020-02-01,0,0,Ireland,4853506,0,0,0,0
2020-02-02,0,0,Ireland,4853506,0,0,0,0
2020-02-03,0,0,Ireland,4853506,0,0,0,0
2020-02-04,0,0,Ireland,4853506,0,0,0,0
2020-02-05,0,0,Ireland,4853506,0,0,0,0
2020-02-06,0,0,Ireland,4853506,0,0,0,0
2020-02-07,0,0,Ireland,4853506,0,0,0,0
2020-02-08,0,0,Ireland,4853506,0,0,0,0
2020-02-09,0,0,Ireland,4853506,0,0,0,0
2020-02-10,0,0,Ireland,4853506,0,0,0,0
2020-02-11,0,0,Ireland,4853506,0,0,0,0
2020-02-12,0,0,Ireland,4853506,0,0,0,0
2020-02-13,0,0,Ireland,4853506,0,0,0,0
2020-02-14,0,0,Ireland,4853506,0,0,0,0
2020-02-15,0,0,Ireland,4853506,0,0,0,0
2020-02-16,0,0,Ireland,4853506,0,0,0,0
2020-02-17,0,0,Ireland,4853506,0,0,0,0
2020-02-18,0,0,Ireland,4853506,0,0,0,0
2020-02-19,0,0,Ireland,4853506,0,0,0,0
2020-02-20,0,0,Ireland,4853506,0,0,0,0
2020-02-21,0,0,Ireland,4853506,0,0,0,0
2020-02-22,0,0,Ireland,4853506,0,0,0,0
2020-02-23,0,0,Ireland,4853506,0,0,0,0
2020-02-24,0,0,Ireland,4853506,0,0,0,0
2020-02-25,0,0,Ireland,4853506,0,0,0,0
2020-02-26,0,0,Ireland,4853506,0,0,0,0
2020-02-27,0,0,Ireland,4853506,0,0,0,0
2020-02-28,0,0,Ireland,4853506,0,0,0,0
2020-02-29,0,0,Ireland,4853506,0,0,0,0
2020-03-01,1,0,Ireland,4853506,1,0.14285714285714285,0,0
2020-03-02,0,0,Ireland,4853506,1,0.14285714285714285,0,0
2020-03-04,1,0,Ireland,4853506,2,0.2857142857142857,0,0
2020-03-05,4,0,Ireland,4853506,6,0.8571428571428571,0,0
2020-03-06,7,0,Ireland,4853506,13,1.8571428571428572,0,0
2020-03-07,5,0,Ireland,4853506,18,2.5714285714285716,0,0
2020-03-08,1,0,Ireland,4853506,19,2.7142857142857144,0,0
2020-03-09,2,0,Ireland,4853506,21,2.857142857142857,0,0
2020-03-11,14,0,Ireland,4853506,35,4.857142857142857,0,0
2020-03-12,8,1,Ireland,4853506,43,5.857142857142857,1,0.14285714285714285
2020-03-13,27,0,Ireland,4853506,70,9.142857142857142,1,0.14285714285714285
2020-03-14,21,0,Ireland,4853506,91,11.142857142857142,1,0.14285714285714285
2020-03-15,38,1,Ireland,4853506,129,15.857142857142858,2,0.2857142857142857
2020-03-16,40,0,Ireland,4853506,169,21.428571428571427,2,0.2857142857142857
2020-03-17,54,0,Ireland,4853506,223,28.857142857142858,2,0.2857142857142857
2020-03-18,69,0,Ireland,4853506,292,36.714285714285715,2,0.2857142857142857
2020-03-19,74,0,Ireland,4853506,366,46.142857142857146,2,0.14285714285714285
2020-03-20,191,1,Ireland,4853506,557,69.57142857142857,3,0.2857142857142857
2020-03-21,126,0,Ireland,4853506,683,84.57142857142857,3,0.2857142857142857
2020-03-22,102,0,Ireland,4853506,785,93.71428571428571,3,0.14285714285714285
2020-03-23,121,1,Ireland,4853506,906,105.28571428571429,4,0.2857142857142857
2020-03-24,219,2,Ireland,4853506,1125,128.85714285714286,6,0.5714285714285714
2020-03-25,204,1,Ireland,4853506,1329,148.14285714285714,7,0.7142857142857143
2020-03-26,235,2,Ireland,4853506,1564,171.14285714285714,9,1
2020-03-27,255,10,Ireland,4853506,1819,180.28571428571428,19,2.2857142857142856
2020-03-28,302,3,Ireland,4853506,2121,205.42857142857142,22,2.7142857142857144
2020-03-29,294,14,Ireland,4853506,2415,232.85714285714286,36,4.714285714285714
2020-03-30,200,10,Ireland,4853506,2615,244.14285714285714,46,6
2020-03-31,295,8,Ireland,4853506,2910,255,54,6.857142857142857
2020-04-01,325,17,Ireland,4853506,3235,272.2857142857143,71,9.142857142857142
2020-04-02,212,14,Ireland,4853506,3447,269,85,10.857142857142858
2020-04-03,402,13,Ireland,4853506,3849,290,98,11.285714285714286
2020-04-04,424,22,Ireland,4853506,4273,307.42857142857144,120,14
2020-04-05,331,17,Ireland,4853506,4604,312.7142857142857,137,14.428571428571429
2020-04-06,507,21,Ireland,4853506,5111,356.57142857142856,158,16
2020-04-07,253,16,Ireland,4853506,5364,350.57142857142856,174,17.142857142857142
2020-04-08,345,36,Ireland,4853506,5709,353.42857142857144,210,19.857142857142858
2020-04-09,515,25,Ireland,4853506,6224,396.7142857142857,235,21.428571428571427
2020-04-10,1169,28,Ireland,4853506,7393,506.2857142857143,263,23.571428571428573
2020-04-11,696,24,Ireland,4853506,8089,545.1428571428571,287,23.857142857142858
2020-04-12,839,33,Ireland,4853506,8928,617.7142857142857,320,26.142857142857142
2020-04-13,727,14,Ireland,4853506,9655,649.1428571428571,334,25.142857142857142
2020-04-14,992,31,Ireland,4853506,10647,754.7142857142857,365,27.285714285714285
2020-04-15,832,41,Ireland,4853506,11479,824.2857142857143,406,28
2020-04-16,1068,38,Ireland,4853506,12547,903.2857142857143,444,29.857142857142858
2020-04-17,724,42,Ireland,4853506,13271,839.7142857142857,486,31.857142857142858
2020-04-18,709,44,Ireland,4853506,13980,841.5714285714286,530,34.714285714285715
2020-04-19,778,41,Ireland,4853506,14758,832.8571428571429,571,35.857142857142854
2020-04-20,493,39,Ireland,4853506,15251,799.4285714285714,610,39.42857142857143
2020-04-21,401,77,Ireland,4853506,15652,715,687,46
2020-04-22,388,43,Ireland,4853506,16040,651.5714285714286,730,46.285714285714285
2020-04-23,631,39,Ireland,4853506,16671,589.1428571428571,769,46.42857142857143
2020-04-24,936,25,Ireland,4853506,17607,619.4285714285714,794,44
2020-04-25,577,35,Ireland,4853506,18184,600.5714285714286,829,42.714285714285715
2020-04-26,377,234,Ireland,4853506,18561,543.2857142857143,1063,70.28571428571429
2020-04-27,701,24,Ireland,4853506,19262,573,1087,68.14285714285714
2020-04-28,386,15,Ireland,4853506,19648,570.8571428571429,1102,59.285714285714285
2020-04-29,229,57,Ireland,4853506,19877,548.1428571428571,1159,61.285714285714285
2020-04-30,376,31,Ireland,4853506,20253,511.7142857142857,1190,60.142857142857146
2020-05-01,359,42,Ireland,4853506,20612,429.2857142857143,1232,62.57142857142857
2020-05-02,221,33,Ireland,4853506,20833,378.42857142857144,1265,62.285714285714285
2020-05-03,343,0,Ireland,4853506,21176,373.57142857142856,1265,28.857142857142858
2020-05-04,330,38,Ireland,4853506,21506,320.57142857142856,1303,30.857142857142858
2020-05-05,216,16,Ireland,4853506,21722,296.2857142857143,1319,31
2020-05-06,261,20,Ireland,4853506,21983,300.85714285714283,1339,25.714285714285715
2020-05-07,265,36,Ireland,4853506,22248,285,1375,26.428571428571427
2020-05-08,137,28,Ireland,4853506,22385,253.28571428571428,1403,24.428571428571427
2019-12-31,0,0,Israel,8883800,0,NA,0,NA
2020-01-01,0,0,Israel,8883800,0,NA,0,NA
2020-01-02,0,0,Israel,8883800,0,NA,0,NA
2020-01-03,0,0,Israel,8883800,0,NA,0,NA
2020-01-04,0,0,Israel,8883800,0,NA,0,NA
2020-01-05,0,0,Israel,8883800,0,NA,0,NA
2020-01-06,0,0,Israel,8883800,0,0,0,0
2020-01-07,0,0,Israel,8883800,0,0,0,0
2020-01-08,0,0,Israel,8883800,0,0,0,0
2020-01-09,0,0,Israel,8883800,0,0,0,0
2020-01-10,0,0,Israel,8883800,0,0,0,0
2020-01-11,0,0,Israel,8883800,0,0,0,0
2020-01-12,0,0,Israel,8883800,0,0,0,0
2020-01-13,0,0,Israel,8883800,0,0,0,0
2020-01-14,0,0,Israel,8883800,0,0,0,0
2020-01-15,0,0,Israel,8883800,0,0,0,0
2020-01-16,0,0,Israel,8883800,0,0,0,0
2020-01-17,0,0,Israel,8883800,0,0,0,0
2020-01-18,0,0,Israel,8883800,0,0,0,0
2020-01-19,0,0,Israel,8883800,0,0,0,0
2020-01-20,0,0,Israel,8883800,0,0,0,0
2020-01-21,0,0,Israel,8883800,0,0,0,0
2020-01-22,0,0,Israel,8883800,0,0,0,0
2020-01-23,0,0,Israel,8883800,0,0,0,0
2020-01-24,0,0,Israel,8883800,0,0,0,0
2020-01-25,0,0,Israel,8883800,0,0,0,0
2020-01-26,0,0,Israel,8883800,0,0,0,0
2020-01-27,0,0,Israel,8883800,0,0,0,0
2020-01-28,0,0,Israel,8883800,0,0,0,0
2020-01-29,0,0,Israel,8883800,0,0,0,0
2020-01-30,0,0,Israel,8883800,0,0,0,0
2020-01-31,0,0,Israel,8883800,0,0,0,0
2020-02-01,0,0,Israel,8883800,0,0,0,0
2020-02-02,0,0,Israel,8883800,0,0,0,0
2020-02-03,0,0,Israel,8883800,0,0,0,0
2020-02-04,0,0,Israel,8883800,0,0,0,0
2020-02-05,0,0,Israel,8883800,0,0,0,0
2020-02-06,0,0,Israel,8883800,0,0,0,0
2020-02-07,0,0,Israel,8883800,0,0,0,0
2020-02-08,0,0,Israel,8883800,0,0,0,0
2020-02-09,0,0,Israel,8883800,0,0,0,0
2020-02-10,0,0,Israel,8883800,0,0,0,0
2020-02-11,0,0,Israel,8883800,0,0,0,0
2020-02-12,0,0,Israel,8883800,0,0,0,0
2020-02-13,0,0,Israel,8883800,0,0,0,0
2020-02-14,0,0,Israel,8883800,0,0,0,0
2020-02-15,0,0,Israel,8883800,0,0,0,0
2020-02-16,0,0,Israel,8883800,0,0,0,0
2020-02-17,0,0,Israel,8883800,0,0,0,0
2020-02-18,0,0,Israel,8883800,0,0,0,0
2020-02-19,0,0,Israel,8883800,0,0,0,0
2020-02-20,0,0,Israel,8883800,0,0,0,0
2020-02-21,0,0,Israel,8883800,0,0,0,0
2020-02-22,1,0,Israel,8883800,1,0.14285714285714285,0,0
2020-02-23,0,0,Israel,8883800,1,0.14285714285714285,0,0
2020-02-24,1,0,Israel,8883800,2,0.2857142857142857,0,0
2020-02-25,0,0,Israel,8883800,2,0.2857142857142857,0,0
2020-02-26,0,0,Israel,8883800,2,0.2857142857142857,0,0
2020-02-27,0,0,Israel,8883800,2,0.2857142857142857,0,0
2020-02-28,1,0,Israel,8883800,3,0.42857142857142855,0,0
2020-02-29,4,0,Israel,8883800,7,0.8571428571428571,0,0
2020-03-01,0,0,Israel,8883800,7,0.8571428571428571,0,0
2020-03-02,3,0,Israel,8883800,10,1.1428571428571428,0,0
2020-03-05,5,0,Israel,8883800,15,1.8571428571428572,0,0
2020-03-06,2,0,Israel,8883800,17,2.142857142857143,0,0
2020-03-07,2,0,Israel,8883800,19,2.4285714285714284,0,0
2020-03-08,6,0,Israel,8883800,25,3.142857142857143,0,0
2020-03-09,14,0,Israel,8883800,39,4.571428571428571,0,0
2020-03-11,31,0,Israel,8883800,70,9,0,0
2020-03-12,12,0,Israel,8883800,82,10.285714285714286,0,0
2020-03-13,14,0,Israel,8883800,96,11.571428571428571,0,0
2020-03-14,20,0,Israel,8883800,116,14.142857142857142,0,0
2020-03-15,62,0,Israel,8883800,178,22.714285714285715,0,0
2020-03-16,72,0,Israel,8883800,250,32.142857142857146,0,0
2020-03-17,10,0,Israel,8883800,260,31.571428571428573,0,0
2020-03-18,167,0,Israel,8883800,427,51,0,0
2020-03-19,6,0,Israel,8883800,433,50.142857142857146,0,0
2020-03-20,244,0,Israel,8883800,677,83,0,0
2020-03-21,35,1,Israel,8883800,712,85.14285714285714,1,0.14285714285714285
2020-03-22,171,0,Israel,8883800,883,100.71428571428571,1,0.14285714285714285
2020-03-23,188,0,Israel,8883800,1071,117.28571428571429,1,0.14285714285714285
2020-03-24,371,0,Israel,8883800,1442,168.85714285714286,1,0.14285714285714285
2020-03-25,488,2,Israel,8883800,1930,214.71428571428572,3,0.42857142857142855
2020-03-26,439,2,Israel,8883800,2369,276.57142857142856,5,0.7142857142857143
2020-03-27,297,3,Israel,8883800,2666,284.14285714285717,8,1.1428571428571428
2020-03-28,369,2,Israel,8883800,3035,331.85714285714283,10,1.2857142857142858
2020-03-29,584,2,Israel,8883800,3619,390.85714285714283,12,1.5714285714285714
2020-03-30,628,3,Israel,8883800,4247,453.7142857142857,15,2
2020-03-31,226,2,Israel,8883800,4473,433,17,2.2857142857142856
2020-04-01,443,3,Israel,8883800,4916,426.57142857142856,20,2.4285714285714284
2020-04-02,675,1,Israel,8883800,5591,460.2857142857143,21,2.2857142857142856
2020-04-03,661,13,Israel,8883800,6252,512.2857142857143,34,3.7142857142857144
2020-04-04,1176,5,Israel,8883800,7428,627.5714285714286,39,4.142857142857143
2020-04-05,590,7,Israel,8883800,8018,628.4285714285714,46,4.857142857142857
2020-04-06,412,3,Israel,8883800,8430,597.5714285714286,49,4.857142857142857
2020-04-07,474,8,Israel,8883800,8904,633,57,5.714285714285714
2020-04-08,344,8,Israel,8883800,9248,618.8571428571429,65,6.428571428571429
2020-04-09,156,6,Israel,8883800,9404,544.7142857142857,71,7.142857142857143
2020-04-10,564,15,Israel,8883800,9968,530.8571428571429,86,7.428571428571429
2020-04-11,440,9,Israel,8883800,10408,425.7142857142857,95,8
2020-04-12,335,6,Israel,8883800,10743,389.2857142857143,101,7.857142857142857
2020-04-13,402,2,Israel,8883800,11145,387.85714285714283,103,7.714285714285714
2020-04-14,441,13,Israel,8883800,11586,383.14285714285717,116,8.428571428571429
2020-04-15,460,7,Israel,8883800,12046,399.7142857142857,123,8.285714285714286
2020-04-16,455,7,Israel,8883800,12501,442.42857142857144,130,8.428571428571429
2020-04-17,257,12,Israel,8883800,12758,398.57142857142856,142,8
2020-04-18,224,9,Israel,8883800,12982,367.7142857142857,151,8
2020-04-19,283,13,Israel,8883800,13265,360.2857142857143,164,9
2020-04-20,226,8,Israel,8883800,13491,335.14285714285717,172,9.857142857142858
2020-04-21,222,5,Israel,8883800,13713,303.85714285714283,177,8.714285714285714
2020-04-22,229,7,Israel,8883800,13942,270.85714285714283,184,8.714285714285714
2020-04-23,650,7,Israel,8883800,14592,298.7142857142857,191,8.714285714285714
2020-04-24,290,2,Israel,8883800,14882,303.42857142857144,193,7.285714285714286
2020-04-25,176,1,Israel,8883800,15058,296.57142857142856,194,6.142857142857143
2020-04-26,240,5,Israel,8883800,15298,290.42857142857144,199,5
2020-04-27,100,0,Israel,8883800,15398,272.42857142857144,199,3.857142857142857
2020-04-28,68,3,Israel,8883800,15466,250.42857142857142,202,3.5714285714285716
2020-04-29,123,6,Israel,8883800,15589,235.28571428571428,208,3.4285714285714284
2020-04-30,245,7,Israel,8883800,15834,177.42857142857142,215,3.4285714285714284
2020-05-01,112,7,Israel,8883800,15946,152,222,4.142857142857143
2020-05-02,155,3,Israel,8883800,16101,149,225,4.428571428571429
2020-05-03,84,4,Israel,8883800,16185,126.71428571428571,229,4.285714285714286
2020-05-04,23,3,Israel,8883800,16208,115.71428571428571,232,4.714285714285714
2020-05-05,38,3,Israel,8883800,16246,111.42857142857143,235,4.714285714285714
2020-05-06,43,3,Israel,8883800,16289,100,238,4.285714285714286
2020-05-07,21,1,Israel,8883800,16310,68,239,3.4285714285714284
2020-05-08,71,1,Israel,8883800,16381,62.142857142857146,240,2.5714285714285716
2019-12-31,0,0,Italy,60431283,0,NA,0,NA
2020-01-01,0,0,Italy,60431283,0,NA,0,NA
2020-01-02,0,0,Italy,60431283,0,NA,0,NA
2020-01-03,0,0,Italy,60431283,0,NA,0,NA
2020-01-04,0,0,Italy,60431283,0,NA,0,NA
2020-01-05,0,0,Italy,60431283,0,NA,0,NA
2020-01-06,0,0,Italy,60431283,0,0,0,0
2020-01-07,0,0,Italy,60431283,0,0,0,0
2020-01-08,0,0,Italy,60431283,0,0,0,0
2020-01-09,0,0,Italy,60431283,0,0,0,0
2020-01-10,0,0,Italy,60431283,0,0,0,0
2020-01-11,0,0,Italy,60431283,0,0,0,0
2020-01-12,0,0,Italy,60431283,0,0,0,0
2020-01-13,0,0,Italy,60431283,0,0,0,0
2020-01-14,0,0,Italy,60431283,0,0,0,0
2020-01-15,0,0,Italy,60431283,0,0,0,0
2020-01-16,0,0,Italy,60431283,0,0,0,0
2020-01-17,0,0,Italy,60431283,0,0,0,0
2020-01-18,0,0,Italy,60431283,0,0,0,0
2020-01-19,0,0,Italy,60431283,0,0,0,0
2020-01-20,0,0,Italy,60431283,0,0,0,0
2020-01-21,0,0,Italy,60431283,0,0,0,0
2020-01-22,0,0,Italy,60431283,0,0,0,0
2020-01-23,0,0,Italy,60431283,0,0,0,0
2020-01-24,0,0,Italy,60431283,0,0,0,0
2020-01-25,0,0,Italy,60431283,0,0,0,0
2020-01-26,0,0,Italy,60431283,0,0,0,0
2020-01-27,0,0,Italy,60431283,0,0,0,0
2020-01-28,0,0,Italy,60431283,0,0,0,0
2020-01-29,0,0,Italy,60431283,0,0,0,0
2020-01-30,0,0,Italy,60431283,0,0,0,0
2020-01-31,3,0,Italy,60431283,3,0.42857142857142855,0,0
2020-02-01,0,0,Italy,60431283,3,0.42857142857142855,0,0
2020-02-02,0,0,Italy,60431283,3,0.42857142857142855,0,0
2020-02-03,0,0,Italy,60431283,3,0.42857142857142855,0,0
2020-02-04,0,0,Italy,60431283,3,0.42857142857142855,0,0
2020-02-05,0,0,Italy,60431283,3,0.42857142857142855,0,0
2020-02-06,0,0,Italy,60431283,3,0.42857142857142855,0,0
2020-02-07,0,0,Italy,60431283,3,0,0,0
2020-02-08,0,0,Italy,60431283,3,0,0,0
2020-02-09,0,0,Italy,60431283,3,0,0,0
2020-02-10,0,0,Italy,60431283,3,0,0,0
2020-02-11,0,0,Italy,60431283,3,0,0,0
2020-02-12,0,0,Italy,60431283,3,0,0,0
2020-02-13,0,0,Italy,60431283,3,0,0,0
2020-02-14,0,0,Italy,60431283,3,0,0,0
2020-02-15,0,0,Italy,60431283,3,0,0,0
2020-02-16,0,0,Italy,60431283,3,0,0,0
2020-02-17,0,0,Italy,60431283,3,0,0,0
2020-02-18,0,0,Italy,60431283,3,0,0,0
2020-02-19,0,0,Italy,60431283,3,0,0,0
2020-02-20,0,0,Italy,60431283,3,0,0,0
2020-02-21,0,0,Italy,60431283,3,0,0,0
2020-02-22,14,0,Italy,60431283,17,2,0,0
2020-02-23,62,2,Italy,60431283,79,10.857142857142858,2,0.2857142857142857
2020-02-24,53,0,Italy,60431283,132,18.428571428571427,2,0.2857142857142857
2020-02-25,97,4,Italy,60431283,229,32.285714285714285,6,0.8571428571428571
2020-02-26,93,5,Italy,60431283,322,45.57142857142857,11,1.5714285714285714
2020-02-27,78,1,Italy,60431283,400,56.714285714285715,12,1.7142857142857142
2020-02-28,250,5,Italy,60431283,650,92.42857142857143,17,2.4285714285714284
2020-02-29,238,4,Italy,60431283,888,124.42857142857143,21,3
2020-03-01,240,8,Italy,60431283,1128,149.85714285714286,29,3.857142857142857
2020-03-02,561,6,Italy,60431283,1689,222.42857142857142,35,4.714285714285714
2020-03-03,347,17,Italy,60431283,2036,258.14285714285717,52,6.571428571428571
2020-03-04,466,28,Italy,60431283,2502,311.42857142857144,80,9.857142857142858
2020-03-05,587,27,Italy,60431283,3089,384.14285714285717,107,13.571428571428571
2020-03-06,769,41,Italy,60431283,3858,458.2857142857143,148,18.714285714285715
2020-03-07,778,49,Italy,60431283,4636,535.4285714285714,197,25.142857142857142
2020-03-08,1247,36,Italy,60431283,5883,679.2857142857143,233,29.142857142857142
2020-03-09,1492,133,Italy,60431283,7375,812.2857142857143,366,47.285714285714285
2020-03-10,1797,98,Italy,60431283,9172,1019.4285714285714,464,58.857142857142854
2020-03-11,977,167,Italy,60431283,10149,1092.4285714285713,631,78.71428571428571
2020-03-12,2313,196,Italy,60431283,12462,1339,827,102.85714285714286
2020-03-13,2651,189,Italy,60431283,15113,1607.857142857143,1016,124
2020-03-14,2547,252,Italy,60431283,17660,1860.5714285714287,1268,153
2020-03-15,3497,173,Italy,60431283,21157,2182,1441,172.57142857142858
2020-03-16,2823,370,Italy,60431283,23980,2372.1428571428573,1811,206.42857142857142
2020-03-17,4000,347,Italy,60431283,27980,2686.8571428571427,2158,242
2020-03-18,3526,347,Italy,60431283,31506,3051,2505,267.7142857142857
2020-03-19,4207,473,Italy,60431283,35713,3321.5714285714284,2978,307.2857142857143
2020-03-20,5322,429,Italy,60431283,41035,3703.1428571428573,3407,341.57142857142856
2020-03-21,5986,625,Italy,60431283,47021,4194.428571428572,4032,394.85714285714283
2020-03-22,6557,795,Italy,60431283,53578,4631.571428571428,4827,483.7142857142857
2020-03-23,5560,649,Italy,60431283,59138,5022.571428571428,5476,523.5714285714286
2020-03-24,4789,601,Italy,60431283,63927,5135.285714285715,6077,559.8571428571429
2020-03-25,5249,743,Italy,60431283,69176,5381.428571428572,6820,616.4285714285714
2020-03-26,5210,685,Italy,60431283,74386,5524.714285714285,7505,646.7142857142857
2020-03-27,6153,660,Italy,60431283,80539,5643.428571428572,8165,679.7142857142857
2020-03-28,5959,971,Italy,60431283,86498,5639.571428571428,9136,729.1428571428571
2020-03-29,5974,887,Italy,60431283,92472,5556.285714285715,10023,742.2857142857143
2020-03-30,5217,758,Italy,60431283,97689,5507.285714285715,10781,757.8571428571429
2020-03-31,4050,810,Italy,60431283,101739,5401.714285714285,11591,787.7142857142857
2020-04-01,4053,839,Italy,60431283,105792,5230.857142857143,12430,801.4285714285714
2020-04-02,4782,727,Italy,60431283,110574,5169.714285714285,13157,807.4285714285714
2020-04-03,4668,760,Italy,60431283,115242,4957.571428571428,13917,821.7142857142857
2020-04-04,4585,764,Italy,60431283,119827,4761.285714285715,14681,792.1428571428571
2020-04-05,4805,681,Italy,60431283,124632,4594.285714285715,15362,762.7142857142857
2020-04-06,4316,527,Italy,60431283,128948,4465.571428571428,15889,729.7142857142857
2020-04-07,3599,636,Italy,60431283,132547,4401.142857142857,16525,704.8571428571429
2020-04-08,3039,604,Italy,60431283,135586,4256.285714285715,17129,671.2857142857143
2020-04-09,3836,540,Italy,60431283,139422,4121.142857142857,17669,644.5714285714286
2020-04-10,4204,612,Italy,60431283,143626,4054.8571428571427,18281,623.4285714285714
2020-04-11,3951,570,Italy,60431283,147577,3964.285714285714,18851,595.7142857142857
2020-04-12,4694,619,Italy,60431283,152271,3948.4285714285716,19470,586.8571428571429
2020-04-13,4092,431,Italy,60431283,156363,3916.4285714285716,19901,573.1428571428571
2020-04-14,3153,564,Italy,60431283,159516,3852.714285714286,20465,562.8571428571429
2020-04-15,2972,604,Italy,60431283,162488,3843.1428571428573,21069,562.8571428571429
2020-04-16,2667,578,Italy,60431283,165155,3676.1428571428573,21647,568.2857142857143
2020-04-17,3786,525,Italy,60431283,168941,3616.4285714285716,22172,555.8571428571429
2020-04-18,3493,575,Italy,60431283,172434,3551,22747,556.5714285714286
2020-04-19,3491,480,Italy,60431283,175925,3379.1428571428573,23227,536.7142857142857
2020-04-20,3047,433,Italy,60431283,178972,3229.8571428571427,23660,537
2020-04-21,2256,454,Italy,60431283,181228,3101.714285714286,24114,521.2857142857143
2020-04-22,2729,534,Italy,60431283,183957,3067,24648,511.2857142857143
2020-04-23,3370,437,Italy,60431283,187327,3167.4285714285716,25085,491.14285714285717
2020-04-24,2646,464,Italy,60431283,189973,3004.5714285714284,25549,482.42857142857144
2020-04-25,3021,420,Italy,60431283,192994,2937.1428571428573,25969,460.2857142857143
2020-04-26,2357,415,Italy,60431283,195351,2775.1428571428573,26384,451
2020-04-27,2324,260,Italy,60431283,197675,2671.8571428571427,26644,426.2857142857143
2020-04-28,1739,333,Italy,60431283,199414,2598,26977,409
2020-04-29,2091,382,Italy,60431283,201505,2506.8571428571427,27359,387.2857142857143
2020-04-30,2086,323,Italy,60431283,203591,2323.4285714285716,27682,371
2020-05-01,1872,285,Italy,60431283,205463,2212.8571428571427,27967,345.42857142857144
2020-05-02,1965,269,Italy,60431283,207428,2062,28236,323.85714285714283
2020-05-03,1900,474,Italy,60431283,209328,1996.7142857142858,28710,332.2857142857143
2020-05-04,1389,174,Italy,60431283,210717,1863.142857142857,28884,320
2020-05-05,1221,195,Italy,60431283,211938,1789.142857142857,29079,300.2857142857143
2020-05-06,1075,236,Italy,60431283,213013,1644,29315,279.42857142857144
2020-05-07,1444,369,Italy,60431283,214457,1552.2857142857142,29684,286
2020-05-08,1401,274,Italy,60431283,215858,1485,29958,284.42857142857144
2019-12-31,0,0,Netherlands,17231017,0,NA,0,NA
2020-01-01,0,0,Netherlands,17231017,0,NA,0,NA
2020-01-02,0,0,Netherlands,17231017,0,NA,0,NA
2020-01-03,0,0,Netherlands,17231017,0,NA,0,NA
2020-01-04,0,0,Netherlands,17231017,0,NA,0,NA
2020-01-05,0,0,Netherlands,17231017,0,NA,0,NA
2020-01-06,0,0,Netherlands,17231017,0,0,0,0
2020-01-07,0,0,Netherlands,17231017,0,0,0,0
2020-01-08,0,0,Netherlands,17231017,0,0,0,0
2020-01-09,0,0,Netherlands,17231017,0,0,0,0
2020-01-10,0,0,Netherlands,17231017,0,0,0,0
2020-01-11,0,0,Netherlands,17231017,0,0,0,0
2020-01-12,0,0,Netherlands,17231017,0,0,0,0
2020-01-13,0,0,Netherlands,17231017,0,0,0,0
2020-01-14,0,0,Netherlands,17231017,0,0,0,0
2020-01-15,0,0,Netherlands,17231017,0,0,0,0
2020-01-16,0,0,Netherlands,17231017,0,0,0,0
2020-01-17,0,0,Netherlands,17231017,0,0,0,0
2020-01-18,0,0,Netherlands,17231017,0,0,0,0
2020-01-19,0,0,Netherlands,17231017,0,0,0,0
2020-01-20,0,0,Netherlands,17231017,0,0,0,0
2020-01-21,0,0,Netherlands,17231017,0,0,0,0
2020-01-22,0,0,Netherlands,17231017,0,0,0,0
2020-01-23,0,0,Netherlands,17231017,0,0,0,0
2020-01-24,0,0,Netherlands,17231017,0,0,0,0
2020-01-25,0,0,Netherlands,17231017,0,0,0,0
2020-01-26,0,0,Netherlands,17231017,0,0,0,0
2020-01-27,0,0,Netherlands,17231017,0,0,0,0
2020-01-28,0,0,Netherlands,17231017,0,0,0,0
2020-01-29,0,0,Netherlands,17231017,0,0,0,0
2020-01-30,0,0,Netherlands,17231017,0,0,0,0
2020-01-31,0,0,Netherlands,17231017,0,0,0,0
2020-02-01,0,0,Netherlands,17231017,0,0,0,0
2020-02-02,0,0,Netherlands,17231017,0,0,0,0
2020-02-03,0,0,Netherlands,17231017,0,0,0,0
2020-02-04,0,0,Netherlands,17231017,0,0,0,0
2020-02-05,0,0,Netherlands,17231017,0,0,0,0
2020-02-06,0,0,Netherlands,17231017,0,0,0,0
2020-02-07,0,0,Netherlands,17231017,0,0,0,0
2020-02-08,0,0,Netherlands,17231017,0,0,0,0
2020-02-09,0,0,Netherlands,17231017,0,0,0,0
2020-02-10,0,0,Netherlands,17231017,0,0,0,0
2020-02-11,0,0,Netherlands,17231017,0,0,0,0
2020-02-12,0,0,Netherlands,17231017,0,0,0,0
2020-02-13,0,0,Netherlands,17231017,0,0,0,0
2020-02-14,0,0,Netherlands,17231017,0,0,0,0
2020-02-15,0,0,Netherlands,17231017,0,0,0,0
2020-02-16,0,0,Netherlands,17231017,0,0,0,0
2020-02-17,0,0,Netherlands,17231017,0,0,0,0
2020-02-18,0,0,Netherlands,17231017,0,0,0,0
2020-02-19,0,0,Netherlands,17231017,0,0,0,0
2020-02-20,0,0,Netherlands,17231017,0,0,0,0
2020-02-21,0,0,Netherlands,17231017,0,0,0,0
2020-02-22,0,0,Netherlands,17231017,0,0,0,0
2020-02-23,0,0,Netherlands,17231017,0,0,0,0
2020-02-24,0,0,Netherlands,17231017,0,0,0,0
2020-02-25,0,0,Netherlands,17231017,0,0,0,0
2020-02-26,0,0,Netherlands,17231017,0,0,0,0
2020-02-27,0,0,Netherlands,17231017,0,0,0,0
2020-02-28,1,0,Netherlands,17231017,1,0.14285714285714285,0,0
2020-02-29,1,0,Netherlands,17231017,2,0.2857142857142857,0,0
2020-03-01,5,0,Netherlands,17231017,7,1,0,0
2020-03-02,6,0,Netherlands,17231017,13,1.8571428571428572,0,0
2020-03-03,5,0,Netherlands,17231017,18,2.5714285714285716,0,0
2020-03-04,10,0,Netherlands,17231017,28,4,0,0
2020-03-05,10,0,Netherlands,17231017,38,5.428571428571429,0,0
2020-03-06,44,0,Netherlands,17231017,82,11.571428571428571,0,0
2020-03-07,46,1,Netherlands,17231017,128,18,1,0.14285714285714285
2020-03-08,60,0,Netherlands,17231017,188,25.857142857142858,1,0.14285714285714285
2020-03-09,77,2,Netherlands,17231017,265,36,3,0.42857142857142855
2020-03-10,56,0,Netherlands,17231017,321,43.285714285714285,3,0.42857142857142855
2020-03-11,61,1,Netherlands,17231017,382,50.57142857142857,4,0.5714285714285714
2020-03-12,121,1,Netherlands,17231017,503,66.42857142857143,5,0.7142857142857143
2020-03-13,111,0,Netherlands,17231017,614,76,5,0.7142857142857143
2020-03-14,190,0,Netherlands,17231017,804,96.57142857142857,5,0.5714285714285714
2020-03-15,155,7,Netherlands,17231017,959,110.14285714285714,12,1.5714285714285714
2020-03-16,176,8,Netherlands,17231017,1135,124.28571428571429,20,2.4285714285714284
2020-03-17,278,4,Netherlands,17231017,1413,156,24,3
2020-03-18,292,19,Netherlands,17231017,1705,189,43,5.571428571428571
2020-03-19,346,15,Netherlands,17231017,2051,221.14285714285714,58,7.571428571428571
2020-03-20,409,18,Netherlands,17231017,2460,263.7142857142857,76,10.142857142857142
2020-03-21,534,30,Netherlands,17231017,2994,312.85714285714283,106,14.428571428571429
2020-03-22,637,30,Netherlands,17231017,3631,381.7142857142857,136,17.714285714285715
2020-03-23,573,43,Netherlands,17231017,4204,438.42857142857144,179,22.714285714285715
2020-03-24,545,34,Netherlands,17231017,4749,476.57142857142856,213,27
2020-03-25,811,63,Netherlands,17231017,5560,550.7142857142857,276,33.285714285714285
2020-03-26,852,80,Netherlands,17231017,6412,623,356,42.57142857142857
2020-03-27,1019,78,Netherlands,17231017,7431,710.1428571428571,434,51.142857142857146
2020-03-28,1172,112,Netherlands,17231017,8603,801.2857142857143,546,62.857142857142854
2020-03-29,1159,93,Netherlands,17231017,9762,875.8571428571429,639,71.85714285714286
2020-03-30,1104,132,Netherlands,17231017,10866,951.7142857142857,771,84.57142857142857
2020-03-31,884,93,Netherlands,17231017,11750,1000.1428571428571,864,93
2020-04-01,845,175,Netherlands,17231017,12595,1005,1039,109
2020-04-02,1019,134,Netherlands,17231017,13614,1028.857142857143,1173,116.71428571428571
2020-04-03,1083,166,Netherlands,17231017,14697,1038,1339,129.28571428571428
2020-04-04,1026,148,Netherlands,17231017,15723,1017.1428571428571,1487,134.42857142857142
2020-04-05,904,164,Netherlands,17231017,16627,980.7142857142857,1651,144.57142857142858
2020-04-06,1224,115,Netherlands,17231017,17851,997.8571428571429,1766,142.14285714285714
2020-04-07,952,101,Netherlands,17231017,18803,1007.5714285714286,1867,143.28571428571428
2020-04-08,777,234,Netherlands,17231017,19580,997.8571428571429,2101,151.71428571428572
2020-04-09,969,147,Netherlands,17231017,20549,990.7142857142857,2248,153.57142857142858
2020-04-10,1213,148,Netherlands,17231017,21762,1009.2857142857143,2396,151
2020-04-11,1335,115,Netherlands,17231017,23097,1053.4285714285713,2511,146.28571428571428
2020-04-12,1316,132,Netherlands,17231017,24413,1112.2857142857142,2643,141.71428571428572
2020-04-13,1174,94,Netherlands,17231017,25587,1105.142857142857,2737,138.71428571428572
2020-04-14,964,86,Netherlands,17231017,26551,1106.857142857143,2823,136.57142857142858
2020-04-15,868,122,Netherlands,17231017,27419,1119.857142857143,2945,120.57142857142857
2020-04-16,734,189,Netherlands,17231017,28153,1086.2857142857142,3134,126.57142857142857
2020-04-17,1061,181,Netherlands,17231017,29214,1064.5714285714287,3315,131.28571428571428
2020-04-18,1235,144,Netherlands,17231017,30449,1050.2857142857142,3459,135.42857142857142
2020-04-19,1140,142,Netherlands,17231017,31589,1025.142857142857,3601,136.85714285714286
2020-04-20,1066,83,Netherlands,17231017,32655,1009.7142857142857,3684,135.28571428571428
2020-04-21,750,67,Netherlands,17231017,33405,979.1428571428571,3751,132.57142857142858
2020-04-22,729,165,Netherlands,17231017,34134,959.2857142857143,3916,138.71428571428572
2020-04-23,708,138,Netherlands,17231017,34842,955.5714285714286,4054,131.42857142857142
2020-04-24,887,123,Netherlands,17231017,35729,930.7142857142857,4177,123.14285714285714
2020-04-25,806,112,Netherlands,17231017,36535,869.4285714285714,4289,118.57142857142857
2020-04-26,655,120,Netherlands,17231017,37190,800.1428571428571,4409,115.42857142857143
2020-04-27,655,66,Netherlands,17231017,37845,741.4285714285714,4475,113
2020-04-28,400,43,Netherlands,17231017,38245,691.4285714285714,4518,109.57142857142857
2020-04-29,171,48,Netherlands,17231017,38416,611.7142857142857,4566,92.85714285714286
2020-04-30,386,145,Netherlands,17231017,38802,565.7142857142857,4711,93.85714285714286
2020-05-01,514,84,Netherlands,17231017,39316,512.4285714285714,4795,88.28571428571429
2020-05-02,475,98,Netherlands,17231017,39791,465.14285714285717,4893,86.28571428571429
2020-05-03,445,94,Netherlands,17231017,40236,435.14285714285717,4987,82.57142857142857
2020-05-04,335,69,Netherlands,17231017,40571,389.42857142857144,5056,83
2020-05-05,199,26,Netherlands,17231017,40770,360.7142857142857,5082,80.57142857142857
2020-05-06,317,86,Netherlands,17231017,41087,381.57142857142856,5168,86
2020-05-07,232,36,Netherlands,17231017,41319,359.57142857142856,5204,70.42857142857143
2020-05-08,455,84,Netherlands,17231017,41774,351.14285714285717,5288,70.42857142857143
2019-12-31,0,0,Russia,144478050,0,NA,0,NA
2020-01-01,0,0,Russia,144478050,0,NA,0,NA
2020-01-02,0,0,Russia,144478050,0,NA,0,NA
2020-01-03,0,0,Russia,144478050,0,NA,0,NA
2020-01-04,0,0,Russia,144478050,0,NA,0,NA
2020-01-05,0,0,Russia,144478050,0,NA,0,NA
2020-01-06,0,0,Russia,144478050,0,0,0,0
2020-01-07,0,0,Russia,144478050,0,0,0,0
2020-01-08,0,0,Russia,144478050,0,0,0,0
2020-01-09,0,0,Russia,144478050,0,0,0,0
2020-01-10,0,0,Russia,144478050,0,0,0,0
2020-01-11,0,0,Russia,144478050,0,0,0,0
2020-01-12,0,0,Russia,144478050,0,0,0,0
2020-01-13,0,0,Russia,144478050,0,0,0,0
2020-01-14,0,0,Russia,144478050,0,0,0,0
2020-01-15,0,0,Russia,144478050,0,0,0,0
2020-01-16,0,0,Russia,144478050,0,0,0,0
2020-01-17,0,0,Russia,144478050,0,0,0,0
2020-01-18,0,0,Russia,144478050,0,0,0,0
2020-01-19,0,0,Russia,144478050,0,0,0,0
2020-01-20,0,0,Russia,144478050,0,0,0,0
2020-01-21,0,0,Russia,144478050,0,0,0,0
2020-01-22,0,0,Russia,144478050,0,0,0,0
2020-01-23,0,0,Russia,144478050,0,0,0,0
2020-01-24,0,0,Russia,144478050,0,0,0,0
2020-01-25,0,0,Russia,144478050,0,0,0,0
2020-01-26,0,0,Russia,144478050,0,0,0,0
2020-01-27,0,0,Russia,144478050,0,0,0,0
2020-01-28,0,0,Russia,144478050,0,0,0,0
2020-01-29,0,0,Russia,144478050,0,0,0,0
2020-01-30,0,0,Russia,144478050,0,0,0,0
2020-01-31,0,0,Russia,144478050,0,0,0,0
2020-02-01,2,0,Russia,144478050,2,0.2857142857142857,0,0
2020-02-02,0,0,Russia,144478050,2,0.2857142857142857,0,0
2020-02-03,0,0,Russia,144478050,2,0.2857142857142857,0,0
2020-02-04,0,0,Russia,144478050,2,0.2857142857142857,0,0
2020-02-05,0,0,Russia,144478050,2,0.2857142857142857,0,0
2020-02-06,0,0,Russia,144478050,2,0.2857142857142857,0,0
2020-02-07,0,0,Russia,144478050,2,0.2857142857142857,0,0
2020-02-08,0,0,Russia,144478050,2,0,0,0
2020-02-09,0,0,Russia,144478050,2,0,0,0
2020-02-10,0,0,Russia,144478050,2,0,0,0
2020-02-11,0,0,Russia,144478050,2,0,0,0
2020-02-12,0,0,Russia,144478050,2,0,0,0
2020-02-13,0,0,Russia,144478050,2,0,0,0
2020-02-14,0,0,Russia,144478050,2,0,0,0
2020-02-15,0,0,Russia,144478050,2,0,0,0
2020-02-16,0,0,Russia,144478050,2,0,0,0
2020-02-17,0,0,Russia,144478050,2,0,0,0
2020-02-18,0,0,Russia,144478050,2,0,0,0
2020-02-19,0,0,Russia,144478050,2,0,0,0
2020-02-20,0,0,Russia,144478050,2,0,0,0
2020-02-21,0,0,Russia,144478050,2,0,0,0
2020-02-22,0,0,Russia,144478050,2,0,0,0
2020-02-23,0,0,Russia,144478050,2,0,0,0
2020-02-24,0,0,Russia,144478050,2,0,0,0
2020-02-25,0,0,Russia,144478050,2,0,0,0
2020-02-26,0,0,Russia,144478050,2,0,0,0
2020-02-27,0,0,Russia,144478050,2,0,0,0
2020-02-28,0,0,Russia,144478050,2,0,0,0
2020-02-29,0,0,Russia,144478050,2,0,0,0
2020-03-01,0,0,Russia,144478050,2,0,0,0
2020-03-02,0,0,Russia,144478050,2,0,0,0
2020-03-03,1,0,Russia,144478050,3,0.14285714285714285,0,0
2020-03-04,1,0,Russia,144478050,4,0.2857142857142857,0,0
2020-03-05,0,0,Russia,144478050,4,0.2857142857142857,0,0
2020-03-06,0,0,Russia,144478050,4,0.2857142857142857,0,0
2020-03-07,6,0,Russia,144478050,10,1.1428571428571428,0,0
2020-03-08,0,0,Russia,144478050,10,1.1428571428571428,0,0
2020-03-09,0,0,Russia,144478050,10,1.1428571428571428,0,0
2020-03-10,0,0,Russia,144478050,10,1,0,0
2020-03-11,0,0,Russia,144478050,10,0.8571428571428571,0,0
2020-03-12,15,0,Russia,144478050,25,3,0,0
2020-03-13,5,0,Russia,144478050,30,3.7142857142857144,0,0
2020-03-14,15,0,Russia,144478050,45,5,0,0
2020-03-15,14,0,Russia,144478050,59,7,0,0
2020-03-16,4,0,Russia,144478050,63,7.571428571428571,0,0
2020-03-17,30,0,Russia,144478050,93,11.857142857142858,0,0
2020-03-18,21,0,Russia,144478050,114,14.857142857142858,0,0
2020-03-19,33,0,Russia,144478050,147,17.428571428571427,0,0
2020-03-20,52,0,Russia,144478050,199,24.142857142857142,0,0
2020-03-21,54,0,Russia,144478050,253,29.714285714285715,0,0
2020-03-22,53,0,Russia,144478050,306,35.285714285714285,0,0
2020-03-23,132,0,Russia,144478050,438,53.57142857142857,0,0
2020-03-24,0,0,Russia,144478050,438,49.285714285714285,0,0
2020-03-25,57,0,Russia,144478050,495,54.42857142857143,0,0
2020-03-26,163,0,Russia,144478050,658,73,0,0
2020-03-27,182,2,Russia,144478050,840,91.57142857142857,2,0.2857142857142857
2020-03-28,196,2,Russia,144478050,1036,111.85714285714286,4,0.5714285714285714
2020-03-29,228,1,Russia,144478050,1264,136.85714285714286,5,0.7142857142857143
2020-03-30,270,3,Russia,144478050,1534,156.57142857142858,8,1.1428571428571428
2020-03-31,302,2,Russia,144478050,1836,199.71428571428572,10,1.4285714285714286
2020-04-01,501,7,Russia,144478050,2337,263.14285714285717,17,2.4285714285714284
2020-04-02,440,7,Russia,144478050,2777,302.7142857142857,24,3.4285714285714284
2020-04-03,771,6,Russia,144478050,3548,386.85714285714283,30,4
2020-04-04,601,4,Russia,144478050,4149,444.7142857142857,34,4.285714285714286
2020-04-05,582,9,Russia,144478050,4731,495.2857142857143,43,5.428571428571429
2020-04-06,658,2,Russia,144478050,5389,550.7142857142857,45,5.285714285714286
2020-04-07,954,2,Russia,144478050,6343,643.8571428571429,47,5.285714285714286
2020-04-08,1154,11,Russia,144478050,7497,737.1428571428571,58,5.857142857142857
2020-04-09,1175,5,Russia,144478050,8672,842.1428571428571,63,5.571428571428571
2020-04-10,1459,13,Russia,144478050,10131,940.4285714285714,76,6.571428571428571
2020-04-11,1786,18,Russia,144478050,11917,1109.7142857142858,94,8.571428571428571
2020-04-12,1667,12,Russia,144478050,13584,1264.7142857142858,106,9
2020-04-13,2186,24,Russia,144478050,15770,1483,130,12.142857142857142
2020-04-14,2558,18,Russia,144478050,18328,1712.142857142857,148,14.428571428571429
2020-04-15,2774,22,Russia,144478050,21102,1943.5714285714287,170,16
2020-04-16,3388,28,Russia,144478050,24490,2259.714285714286,198,19.285714285714285
2020-04-17,3448,34,Russia,144478050,27938,2543.8571428571427,232,22.285714285714285
2020-04-18,4070,41,Russia,144478050,32008,2870.1428571428573,273,25.571428571428573
2020-04-19,4785,40,Russia,144478050,36793,3315.5714285714284,313,29.571428571428573
2020-04-20,6060,48,Russia,144478050,42853,3869,361,33
2020-04-21,4268,44,Russia,144478050,47121,4113.285714285715,405,36.714285714285715
2020-04-22,5642,51,Russia,144478050,52763,4523,456,40.857142857142854
2020-04-23,5236,57,Russia,144478050,57999,4787,513,45
2020-04-24,4774,42,Russia,144478050,62773,4976.428571428572,555,46.142857142857146
2020-04-25,5849,60,Russia,144478050,68622,5230.571428571428,615,48.857142857142854
2020-04-26,5966,66,Russia,144478050,74588,5399.285714285715,681,52.57142857142857
2020-04-27,6361,66,Russia,144478050,80949,5442.285714285715,747,55.142857142857146
2020-04-28,6198,48,Russia,144478050,87147,5718,795,55.714285714285715
2020-04-29,6411,72,Russia,144478050,93558,5827.857142857143,867,58.714285714285715
2020-04-30,5841,105,Russia,144478050,99399,5914.285714285715,972,65.57142857142857
2020-05-01,7099,101,Russia,144478050,106498,6246.428571428572,1073,74
2020-05-02,7933,96,Russia,144478050,114431,6544.142857142857,1169,79.14285714285714
2020-05-03,9623,53,Russia,144478050,124054,7066.571428571428,1222,77.28571428571429
2020-05-04,10633,58,Russia,144478050,134687,7676.857142857143,1280,76.14285714285714
2020-05-05,10581,76,Russia,144478050,145268,8303,1356,80.14285714285714
2020-05-06,10102,95,Russia,144478050,155370,8830.285714285714,1451,83.42857142857143
2020-05-07,10559,86,Russia,144478050,165929,9504.285714285714,1537,80.71428571428571
2020-05-08,11231,88,Russia,144478050,177160,10094.57142857143,1625,78.85714285714286
2019-12-31,0,0,Spain,46723749,0,NA,0,NA
2020-01-01,0,0,Spain,46723749,0,NA,0,NA
2020-01-02,0,0,Spain,46723749,0,NA,0,NA
2020-01-03,0,0,Spain,46723749,0,NA,0,NA
2020-01-04,0,0,Spain,46723749,0,NA,0,NA
2020-01-05,0,0,Spain,46723749,0,NA,0,NA
2020-01-06,0,0,Spain,46723749,0,0,0,0
2020-01-07,0,0,Spain,46723749,0,0,0,0
2020-01-08,0,0,Spain,46723749,0,0,0,0
2020-01-09,0,0,Spain,46723749,0,0,0,0
2020-01-10,0,0,Spain,46723749,0,0,0,0
2020-01-11,0,0,Spain,46723749,0,0,0,0
2020-01-12,0,0,Spain,46723749,0,0,0,0
2020-01-13,0,0,Spain,46723749,0,0,0,0
2020-01-14,0,0,Spain,46723749,0,0,0,0
2020-01-15,0,0,Spain,46723749,0,0,0,0
2020-01-16,0,0,Spain,46723749,0,0,0,0
2020-01-17,0,0,Spain,46723749,0,0,0,0
2020-01-18,0,0,Spain,46723749,0,0,0,0
2020-01-19,0,0,Spain,46723749,0,0,0,0
2020-01-20,0,0,Spain,46723749,0,0,0,0
2020-01-21,0,0,Spain,46723749,0,0,0,0
2020-01-22,0,0,Spain,46723749,0,0,0,0
2020-01-23,0,0,Spain,46723749,0,0,0,0
2020-01-24,0,0,Spain,46723749,0,0,0,0
2020-01-25,0,0,Spain,46723749,0,0,0,0
2020-01-26,0,0,Spain,46723749,0,0,0,0
2020-01-27,0,0,Spain,46723749,0,0,0,0
2020-01-28,0,0,Spain,46723749,0,0,0,0
2020-01-29,0,0,Spain,46723749,0,0,0,0
2020-01-30,0,0,Spain,46723749,0,0,0,0
2020-01-31,0,0,Spain,46723749,0,0,0,0
2020-02-01,1,0,Spain,46723749,1,0.14285714285714285,0,0
2020-02-02,0,0,Spain,46723749,1,0.14285714285714285,0,0
2020-02-03,0,0,Spain,46723749,1,0.14285714285714285,0,0
2020-02-04,0,0,Spain,46723749,1,0.14285714285714285,0,0
2020-02-05,0,0,Spain,46723749,1,0.14285714285714285,0,0
2020-02-06,0,0,Spain,46723749,1,0.14285714285714285,0,0
2020-02-07,0,0,Spain,46723749,1,0.14285714285714285,0,0
2020-02-08,0,0,Spain,46723749,1,0,0,0
2020-02-09,0,0,Spain,46723749,1,0,0,0
2020-02-10,1,0,Spain,46723749,2,0.14285714285714285,0,0
2020-02-11,0,0,Spain,46723749,2,0.14285714285714285,0,0
2020-02-12,0,0,Spain,46723749,2,0.14285714285714285,0,0
2020-02-13,0,0,Spain,46723749,2,0.14285714285714285,0,0
2020-02-14,0,0,Spain,46723749,2,0.14285714285714285,0,0
2020-02-15,0,0,Spain,46723749,2,0.14285714285714285,0,0
2020-02-16,0,0,Spain,46723749,2,0.14285714285714285,0,0
2020-02-17,0,0,Spain,46723749,2,0,0,0
2020-02-18,0,0,Spain,46723749,2,0,0,0
2020-02-19,0,0,Spain,46723749,2,0,0,0
2020-02-20,0,0,Spain,46723749,2,0,0,0
2020-02-21,0,0,Spain,46723749,2,0,0,0
2020-02-22,0,0,Spain,46723749,2,0,0,0
2020-02-23,0,0,Spain,46723749,2,0,0,0
2020-02-24,0,0,Spain,46723749,2,0,0,0
2020-02-25,1,0,Spain,46723749,3,0.14285714285714285,0,0
2020-02-26,4,0,Spain,46723749,7,0.7142857142857143,0,0
2020-02-27,5,0,Spain,46723749,12,1.4285714285714286,0,0
2020-02-28,13,0,Spain,46723749,25,3.2857142857142856,0,0
2020-02-29,9,0,Spain,46723749,34,4.571428571428571,0,0
2020-03-01,32,0,Spain,46723749,66,9.142857142857142,0,0
2020-03-02,17,0,Spain,46723749,83,11.571428571428571,0,0
2020-03-03,31,0,Spain,46723749,114,15.857142857142858,0,0
2020-03-04,37,0,Spain,46723749,151,20.571428571428573,0,0
2020-03-05,49,1,Spain,46723749,200,26.857142857142858,1,0.14285714285714285
2020-03-06,61,2,Spain,46723749,261,33.714285714285715,3,0.42857142857142855
2020-03-07,113,2,Spain,46723749,374,48.57142857142857,5,0.7142857142857143
2020-03-08,56,0,Spain,46723749,430,52,5,0.7142857142857143
2020-03-09,159,0,Spain,46723749,589,72.28571428571429,5,0.7142857142857143
2020-03-10,615,23,Spain,46723749,1204,155.71428571428572,28,4
2020-03-11,435,7,Spain,46723749,1639,212.57142857142858,35,5
2020-03-12,501,12,Spain,46723749,2140,277.14285714285717,47,6.571428571428571
2020-03-13,864,37,Spain,46723749,3004,391.85714285714283,84,11.571428571428571
2020-03-14,1227,37,Spain,46723749,4231,551,121,16.571428571428573
2020-03-15,1522,15,Spain,46723749,5753,760.4285714285714,136,18.714285714285715
2020-03-16,2000,152,Spain,46723749,7753,1023.4285714285714,288,40.42857142857143
2020-03-17,1438,21,Spain,46723749,9191,1141,309,40.142857142857146
2020-03-18,1987,182,Spain,46723749,11178,1362.7142857142858,491,65.14285714285714
2020-03-19,2538,107,Spain,46723749,13716,1653.7142857142858,598,78.71428571428571
2020-03-20,3431,169,Spain,46723749,17147,2020.4285714285713,767,97.57142857142857
2020-03-21,2833,235,Spain,46723749,19980,2249.8571428571427,1002,125.85714285714286
2020-03-22,4946,324,Spain,46723749,24926,2739,1326,170
2020-03-23,3646,394,Spain,46723749,28572,2974.1428571428573,1720,204.57142857142858
2020-03-24,4517,462,Spain,46723749,33089,3414,2182,267.57142857142856
2020-03-25,6584,514,Spain,46723749,39673,4070.714285714286,2696,315
2020-03-26,7937,738,Spain,46723749,47610,4842,3434,405.14285714285717
2020-03-27,8578,655,Spain,46723749,56188,5577.285714285715,4089,474.57142857142856
2020-03-28,7871,769,Spain,46723749,64059,6297,4858,550.8571428571429
2020-03-29,8189,832,Spain,46723749,72248,6760.285714285715,5690,623.4285714285714
2020-03-30,6549,838,Spain,46723749,78797,7175,6528,686.8571428571429
2020-03-31,6398,812,Spain,46723749,85195,7443.714285714285,7340,736.8571428571429
2020-04-01,9222,849,Spain,46723749,94417,7820.571428571428,8189,784.7142857142857
2020-04-02,7719,864,Spain,46723749,102136,7789.428571428572,9053,802.7142857142857
2020-04-03,8102,950,Spain,46723749,110238,7721.428571428572,10003,844.8571428571429
2020-04-04,7472,932,Spain,46723749,117710,7664.428571428572,10935,868.1428571428571
2020-04-05,7026,809,Spain,46723749,124736,7498.285714285715,11744,864.8571428571429
2020-04-06,6023,674,Spain,46723749,130759,7423.142857142857,12418,841.4285714285714
2020-04-07,4273,637,Spain,46723749,135032,7119.571428571428,13055,816.4285714285714
2020-04-08,5478,743,Spain,46723749,140510,6584.714285714285,13798,801.2857142857143
2020-04-09,6180,757,Spain,46723749,146690,6364.857142857143,14555,786
2020-04-10,5756,683,Spain,46723749,152446,6029.714285714285,15238,747.8571428571429
2020-04-11,4576,605,Spain,46723749,157022,5616,15843,701.1428571428571
2020-04-12,4830,510,Spain,46723749,161852,5302.285714285715,16353,658.4285714285714
2020-04-13,4167,619,Spain,46723749,166019,5037.142857142857,16972,650.5714285714286
2020-04-14,3477,517,Spain,46723749,169496,4923.428571428572,17489,633.4285714285714
2020-04-15,7968,787,Spain,46723749,177464,5279.142857142857,18276,639.7142857142857
2020-04-16,4040,617,Spain,46723749,181504,4973.428571428572,18893,619.7142857142857
2020-04-17,4400,585,Spain,46723749,185904,4779.714285714285,19478,605.7142857142857
2020-04-18,4104,565,Spain,46723749,190008,4712.285714285715,20043,600
2020-04-19,-1430,410,Spain,46723749,188578,3818,20453,585.7142857142857
2020-04-20,2585,399,Spain,46723749,191163,3592,20852,554.2857142857143
2020-04-21,3352,430,Spain,46723749,194515,3574.1428571428573,21282,541.8571428571429
2020-04-22,2627,435,Spain,46723749,197142,2811.1428571428573,21717,491.57142857142856
2020-04-23,3052,440,Spain,46723749,200194,2670,22157,466.2857142857143
2020-04-24,2767,367,Spain,46723749,202961,2436.714285714286,22524,435.14285714285717
2020-04-25,2944,378,Spain,46723749,205905,2271,22902,408.42857142857144
2020-04-26,1729,288,Spain,46723749,207634,2722.285714285714,23190,391
2020-04-27,1831,0,Spain,46723749,209465,2614.5714285714284,23190,334
2020-04-28,1308,632,Spain,46723749,210773,2322.5714285714284,23822,362.85714285714283
2020-04-29,2144,453,Spain,46723749,212917,2253.5714285714284,24275,365.42857142857144
2020-04-30,518,268,Spain,46723749,213435,1891.5714285714287,24543,340.85714285714283
2020-05-01,1781,281,Spain,46723749,215216,1750.7142857142858,24824,328.57142857142856
2020-05-02,1366,276,Spain,46723749,216582,1525.2857142857142,25100,314
2020-05-03,884,164,Spain,46723749,217466,1404.5714285714287,25264,296.2857142857143
2020-05-04,545,164,Spain,46723749,218011,1220.857142857143,25428,319.7142857142857
2020-05-05,1318,185,Spain,46723749,219329,1222.2857142857142,25613,255.85714285714286
2020-05-06,996,244,Spain,46723749,220325,1058.2857142857142,25857,226
2020-05-07,1122,213,Spain,46723749,221447,1144.5714285714287,26070,218.14285714285714
2019-12-31,0,0,United_Kingdom,66488991,0,NA,0,NA
2020-01-01,0,0,United_Kingdom,66488991,0,NA,0,NA
2020-01-02,0,0,United_Kingdom,66488991,0,NA,0,NA
2020-01-03,0,0,United_Kingdom,66488991,0,NA,0,NA
2020-01-04,0,0,United_Kingdom,66488991,0,NA,0,NA
2020-01-05,0,0,United_Kingdom,66488991,0,NA,0,NA
2020-01-06,0,0,United_Kingdom,66488991,0,0,0,0
2020-01-07,0,0,United_Kingdom,66488991,0,0,0,0
2020-01-08,0,0,United_Kingdom,66488991,0,0,0,0
2020-01-09,0,0,United_Kingdom,66488991,0,0,0,0
2020-01-10,0,0,United_Kingdom,66488991,0,0,0,0
2020-01-11,0,0,United_Kingdom,66488991,0,0,0,0
2020-01-12,0,0,United_Kingdom,66488991,0,0,0,0
2020-01-13,0,0,United_Kingdom,66488991,0,0,0,0
2020-01-14,0,0,United_Kingdom,66488991,0,0,0,0
2020-01-15,0,0,United_Kingdom,66488991,0,0,0,0
2020-01-16,0,0,United_Kingdom,66488991,0,0,0,0
2020-01-17,0,0,United_Kingdom,66488991,0,0,0,0
2020-01-18,0,0,United_Kingdom,66488991,0,0,0,0
2020-01-19,0,0,United_Kingdom,66488991,0,0,0,0
2020-01-20,0,0,United_Kingdom,66488991,0,0,0,0
2020-01-21,0,0,United_Kingdom,66488991,0,0,0,0
2020-01-22,0,0,United_Kingdom,66488991,0,0,0,0
2020-01-23,0,0,United_Kingdom,66488991,0,0,0,0
2020-01-24,0,0,United_Kingdom,66488991,0,0,0,0
2020-01-25,0,0,United_Kingdom,66488991,0,0,0,0
2020-01-26,0,0,United_Kingdom,66488991,0,0,0,0
2020-01-27,0,0,United_Kingdom,66488991,0,0,0,0
2020-01-28,0,0,United_Kingdom,66488991,0,0,0,0
2020-01-29,0,0,United_Kingdom,66488991,0,0,0,0
2020-01-30,0,0,United_Kingdom,66488991,0,0,0,0
2020-01-31,2,0,United_Kingdom,66488991,2,0.2857142857142857,0,0
2020-02-01,0,0,United_Kingdom,66488991,2,0.2857142857142857,0,0
2020-02-02,0,0,United_Kingdom,66488991,2,0.2857142857142857,0,0
2020-02-03,0,0,United_Kingdom,66488991,2,0.2857142857142857,0,0
2020-02-04,0,0,United_Kingdom,66488991,2,0.2857142857142857,0,0
2020-02-05,0,0,United_Kingdom,66488991,2,0.2857142857142857,0,0
2020-02-06,0,0,United_Kingdom,66488991,2,0.2857142857142857,0,0
2020-02-07,1,0,United_Kingdom,66488991,3,0.14285714285714285,0,0
2020-02-08,0,0,United_Kingdom,66488991,3,0.14285714285714285,0,0
2020-02-09,1,0,United_Kingdom,66488991,4,0.2857142857142857,0,0
2020-02-10,0,0,United_Kingdom,66488991,4,0.2857142857142857,0,0
2020-02-11,4,0,United_Kingdom,66488991,8,0.8571428571428571,0,0
2020-02-12,0,0,United_Kingdom,66488991,8,0.8571428571428571,0,0
2020-02-13,1,0,United_Kingdom,66488991,9,1,0,0
2020-02-14,0,0,United_Kingdom,66488991,9,0.8571428571428571,0,0
2020-02-15,0,0,United_Kingdom,66488991,9,0.8571428571428571,0,0
2020-02-16,0,0,United_Kingdom,66488991,9,0.7142857142857143,0,0
2020-02-17,0,0,United_Kingdom,66488991,9,0.7142857142857143,0,0
2020-02-18,0,0,United_Kingdom,66488991,9,0.14285714285714285,0,0
2020-02-19,0,0,United_Kingdom,66488991,9,0.14285714285714285,0,0
2020-02-20,0,0,United_Kingdom,66488991,9,0,0,0
2020-02-21,0,0,United_Kingdom,66488991,9,0,0,0
2020-02-22,0,0,United_Kingdom,66488991,9,0,0,0
2020-02-23,0,0,United_Kingdom,66488991,9,0,0,0
2020-02-24,4,0,United_Kingdom,66488991,13,0.5714285714285714,0,0
2020-02-25,0,0,United_Kingdom,66488991,13,0.5714285714285714,0,0
2020-02-26,0,0,United_Kingdom,66488991,13,0.5714285714285714,0,0
2020-02-27,0,0,United_Kingdom,66488991,13,0.5714285714285714,0,0
2020-02-28,3,0,United_Kingdom,66488991,16,1,0,0
2020-02-29,2,0,United_Kingdom,66488991,18,1.2857142857142858,0,0
2020-03-01,5,0,United_Kingdom,66488991,23,2,0,0
2020-03-02,13,0,United_Kingdom,66488991,36,3.2857142857142856,0,0
2020-03-03,4,0,United_Kingdom,66488991,40,3.857142857142857,0,0
2020-03-04,11,0,United_Kingdom,66488991,51,5.428571428571429,0,0
2020-03-05,34,0,United_Kingdom,66488991,85,10.285714285714286,0,0
2020-03-06,30,0,United_Kingdom,66488991,115,14.142857142857142,0,0
2020-03-07,48,1,United_Kingdom,66488991,163,20.714285714285715,1,0.14285714285714285
2020-03-08,43,1,United_Kingdom,66488991,206,26.142857142857142,2,0.2857142857142857
2020-03-09,67,0,United_Kingdom,66488991,273,33.857142857142854,2,0.2857142857142857
2020-03-10,48,1,United_Kingdom,66488991,321,40.142857142857146,3,0.42857142857142855
2020-03-11,52,4,United_Kingdom,66488991,373,46,7,1
2020-03-12,83,0,United_Kingdom,66488991,456,53,7,1
2020-03-13,134,2,United_Kingdom,66488991,590,67.85714285714286,9,1.2857142857142858
2020-03-14,117,1,United_Kingdom,66488991,707,77.71428571428571,10,1.2857142857142858
2020-03-15,433,18,United_Kingdom,66488991,1140,133.42857142857142,28,3.7142857142857144
2020-03-16,251,15,United_Kingdom,66488991,1391,159.71428571428572,43,5.857142857142857
2020-03-17,152,22,United_Kingdom,66488991,1543,174.57142857142858,65,8.857142857142858
2020-03-18,407,16,United_Kingdom,66488991,1950,225.28571428571428,81,10.571428571428571
2020-03-19,680,34,United_Kingdom,66488991,2630,310.57142857142856,115,15.428571428571429
2020-03-20,647,43,United_Kingdom,66488991,3277,383.85714285714283,158,21.285714285714285
2020-03-21,706,36,United_Kingdom,66488991,3983,468,194,26.285714285714285
2020-03-22,1035,56,United_Kingdom,66488991,5018,554,250,31.714285714285715
2020-03-23,665,35,United_Kingdom,66488991,5683,613.1428571428571,285,34.57142857142857
2020-03-24,967,74,United_Kingdom,66488991,6650,729.5714285714286,359,42
2020-03-25,1427,149,United_Kingdom,66488991,8077,875.2857142857143,508,61
2020-03-26,1452,186,United_Kingdom,66488991,9529,985.5714285714286,694,82.71428571428571
2020-03-27,2129,183,United_Kingdom,66488991,11658,1197.2857142857142,877,102.71428571428571
2020-03-28,2885,284,United_Kingdom,66488991,14543,1508.5714285714287,1161,138.14285714285714
2020-03-29,2546,294,United_Kingdom,66488991,17089,1724.4285714285713,1455,172.14285714285714
2020-03-30,2433,214,United_Kingdom,66488991,19522,1977,1669,197.71428571428572
2020-03-31,2619,374,United_Kingdom,66488991,22141,2213,2043,240.57142857142858
2020-04-01,3009,382,United_Kingdom,66488991,25150,2439,2425,273.85714285714283
2020-04-02,4324,670,United_Kingdom,66488991,29474,2849.285714285714,3095,343
2020-04-03,4244,652,United_Kingdom,66488991,33718,3151.4285714285716,3747,410
2020-04-04,4450,714,United_Kingdom,66488991,38168,3375,4461,471.42857142857144
2020-04-05,3735,760,United_Kingdom,66488991,41903,3544.8571428571427,5221,538
2020-04-06,5903,644,United_Kingdom,66488991,47806,4040.5714285714284,5865,599.4285714285714
2020-04-07,3802,568,United_Kingdom,66488991,51608,4209.571428571428,6433,627.1428571428571
2020-04-08,3634,1038,United_Kingdom,66488991,55242,4298.857142857143,7471,720.8571428571429
2020-04-09,5491,1034,United_Kingdom,66488991,60733,4465.571428571428,8505,772.8571428571429
2020-04-10,4344,1103,United_Kingdom,66488991,65077,4479.857142857143,9608,837.2857142857143
2020-04-11,5195,1152,United_Kingdom,66488991,70272,4586.285714285715,10760,899.8571428571429
2020-04-12,8719,839,United_Kingdom,66488991,78991,5298.285714285715,11599,911.1428571428571
2020-04-13,5288,686,United_Kingdom,66488991,84279,5210.428571428572,12285,917.1428571428571
2020-04-14,4342,744,United_Kingdom,66488991,88621,5287.571428571428,13029,942.2857142857143
2020-04-15,5252,1044,United_Kingdom,66488991,93873,5518.714285714285,14073,943.1428571428571
2020-04-16,4603,842,United_Kingdom,66488991,98476,5391.857142857143,14915,915.7142857142857
2020-04-17,4617,1029,United_Kingdom,66488991,103093,5430.857142857143,15944,905.1428571428571
2020-04-18,5599,935,United_Kingdom,66488991,108692,5488.571428571428,16879,874.1428571428571
2020-04-19,5525,1115,United_Kingdom,66488991,114217,5032.285714285715,17994,913.5714285714286
2020-04-20,5850,498,United_Kingdom,66488991,120067,5112.571428571428,18492,886.7142857142857
2020-04-21,4676,559,United_Kingdom,66488991,124743,5160.285714285715,19051,860.2857142857143
2020-04-22,4301,1172,United_Kingdom,66488991,129044,5024.428571428572,20223,878.5714285714286
2020-04-23,4451,837,United_Kingdom,66488991,133495,5002.714285714285,21060,877.8571428571429
2020-04-24,4583,727,United_Kingdom,66488991,138078,4997.857142857143,21787,834.7142857142857
2020-04-25,5386,1005,United_Kingdom,66488991,143464,4967.428571428572,22792,844.7142857142857
2020-04-26,4913,843,United_Kingdom,66488991,148377,4880,23635,805.8571428571429
2020-04-27,4463,420,United_Kingdom,66488991,152840,4681.857142857143,24055,794.7142857142857
2020-04-28,4309,338,United_Kingdom,66488991,157149,4629.428571428572,24393,763.1428571428571
2020-04-29,3996,909,United_Kingdom,66488991,161145,4585.857142857143,25302,725.5714285714286
2020-04-30,4076,795,United_Kingdom,66488991,165221,4532.285714285715,26097,719.5714285714286
2020-05-01,6032,674,United_Kingdom,66488991,171253,4739.285714285715,26771,712
2020-05-02,6201,739,United_Kingdom,66488991,177454,4855.714285714285,27510,674
2020-05-03,4806,621,United_Kingdom,66488991,182260,4840.428571428572,28131,642.2857142857143
2020-05-04,4339,315,United_Kingdom,66488991,186599,4822.714285714285,28446,627.2857142857143
2020-05-05,3985,288,United_Kingdom,66488991,190584,4776.428571428572,28734,620.1428571428571
2020-05-06,4406,693,United_Kingdom,66488991,194990,4835,29427,589.2857142857143
2020-05-07,6211,649,United_Kingdom,66488991,201201,5140,30076,568.4285714285714
2020-05-08,5514,539,United_Kingdom,66488991,206715,5066,30615,549.1428571428571
2019-12-31,0,0,United_States_of_America,327167434,0,NA,0,NA
2020-01-01,0,0,United_States_of_America,327167434,0,NA,0,NA
2020-01-02,0,0,United_States_of_America,327167434,0,NA,0,NA
2020-01-03,0,0,United_States_of_America,327167434,0,NA,0,NA
2020-01-04,0,0,United_States_of_America,327167434,0,NA,0,NA
2020-01-05,0,0,United_States_of_America,327167434,0,NA,0,NA
2020-01-06,0,0,United_States_of_America,327167434,0,0,0,0
2020-01-07,0,0,United_States_of_America,327167434,0,0,0,0
2020-01-08,0,0,United_States_of_America,327167434,0,0,0,0
2020-01-09,0,0,United_States_of_America,327167434,0,0,0,0
2020-01-10,0,0,United_States_of_America,327167434,0,0,0,0
2020-01-11,0,0,United_States_of_America,327167434,0,0,0,0
2020-01-12,0,0,United_States_of_America,327167434,0,0,0,0
2020-01-13,0,0,United_States_of_America,327167434,0,0,0,0
2020-01-14,0,0,United_States_of_America,327167434,0,0,0,0
2020-01-15,0,0,United_States_of_America,327167434,0,0,0,0
2020-01-16,0,0,United_States_of_America,327167434,0,0,0,0
2020-01-17,0,0,United_States_of_America,327167434,0,0,0,0
2020-01-18,0,0,United_States_of_America,327167434,0,0,0,0
2020-01-19,0,0,United_States_of_America,327167434,0,0,0,0
2020-01-20,0,0,United_States_of_America,327167434,0,0,0,0
2020-01-21,1,0,United_States_of_America,327167434,1,0.14285714285714285,0,0
2020-01-22,0,0,United_States_of_America,327167434,1,0.14285714285714285,0,0
2020-01-23,0,0,United_States_of_America,327167434,1,0.14285714285714285,0,0
2020-01-24,0,0,United_States_of_America,327167434,1,0.14285714285714285,0,0
2020-01-25,1,0,United_States_of_America,327167434,2,0.2857142857142857,0,0
2020-01-26,0,0,United_States_of_America,327167434,2,0.2857142857142857,0,0
2020-01-27,3,0,United_States_of_America,327167434,5,0.7142857142857143,0,0
2020-01-28,0,0,United_States_of_America,327167434,5,0.5714285714285714,0,0
2020-01-29,0,0,United_States_of_America,327167434,5,0.5714285714285714,0,0
2020-01-30,0,0,United_States_of_America,327167434,5,0.5714285714285714,0,0
2020-01-31,1,0,United_States_of_America,327167434,6,0.7142857142857143,0,0
2020-02-01,1,0,United_States_of_America,327167434,7,0.7142857142857143,0,0
2020-02-02,1,0,United_States_of_America,327167434,8,0.8571428571428571,0,0
2020-02-03,3,0,United_States_of_America,327167434,11,0.8571428571428571,0,0
2020-02-04,0,0,United_States_of_America,327167434,11,0.8571428571428571,0,0
2020-02-05,0,0,United_States_of_America,327167434,11,0.8571428571428571,0,0
2020-02-06,1,0,United_States_of_America,327167434,12,1,0,0
2020-02-07,0,0,United_States_of_America,327167434,12,0.8571428571428571,0,0
2020-02-08,0,0,United_States_of_America,327167434,12,0.7142857142857143,0,0
2020-02-09,0,0,United_States_of_America,327167434,12,0.5714285714285714,0,0
2020-02-10,0,0,United_States_of_America,327167434,12,0.14285714285714285,0,0
2020-02-11,1,0,United_States_of_America,327167434,13,0.2857142857142857,0,0
2020-02-12,0,0,United_States_of_America,327167434,13,0.2857142857142857,0,0
2020-02-13,1,0,United_States_of_America,327167434,14,0.2857142857142857,0,0
2020-02-14,1,0,United_States_of_America,327167434,15,0.42857142857142855,0,0
2020-02-15,0,0,United_States_of_America,327167434,15,0.42857142857142855,0,0
2020-02-16,0,0,United_States_of_America,327167434,15,0.42857142857142855,0,0
2020-02-17,0,0,United_States_of_America,327167434,15,0.42857142857142855,0,0
2020-02-18,0,0,United_States_of_America,327167434,15,0.2857142857142857,0,0
2020-02-19,0,0,United_States_of_America,327167434,15,0.2857142857142857,0,0
2020-02-20,0,0,United_States_of_America,327167434,15,0.14285714285714285,0,0
2020-02-21,1,0,United_States_of_America,327167434,16,0.14285714285714285,0,0
2020-02-22,19,0,United_States_of_America,327167434,35,2.857142857142857,0,0
2020-02-23,0,0,United_States_of_America,327167434,35,2.857142857142857,0,0
2020-02-24,0,0,United_States_of_America,327167434,35,2.857142857142857,0,0
2020-02-25,18,0,United_States_of_America,327167434,53,5.428571428571429,0,0
2020-02-26,0,0,United_States_of_America,327167434,53,5.428571428571429,0,0
2020-02-27,6,0,United_States_of_America,327167434,59,6.285714285714286,0,0
2020-02-28,1,0,United_States_of_America,327167434,60,6.285714285714286,0,0
2020-02-29,6,0,United_States_of_America,327167434,66,4.428571428571429,0,0
2020-03-01,3,1,United_States_of_America,327167434,69,4.857142857142857,1,0.14285714285714285
2020-03-02,20,1,United_States_of_America,327167434,89,7.714285714285714,2,0.2857142857142857
2020-03-03,14,4,United_States_of_America,327167434,103,7.142857142857143,6,0.8571428571428571
2020-03-04,22,3,United_States_of_America,327167434,125,10.285714285714286,9,1.2857142857142858
2020-03-05,34,2,United_States_of_America,327167434,159,14.285714285714286,11,1.5714285714285714
2020-03-06,74,1,United_States_of_America,327167434,233,24.714285714285715,12,1.7142857142857142
2020-03-07,105,2,United_States_of_America,327167434,338,38.857142857142854,14,2
2020-03-08,95,3,United_States_of_America,327167434,433,52,17,2.2857142857142856
2020-03-09,121,4,United_States_of_America,327167434,554,66.42857142857143,21,2.7142857142857144
2020-03-10,200,5,United_States_of_America,327167434,754,93,26,2.857142857142857
2020-03-11,271,2,United_States_of_America,327167434,1025,128.57142857142858,28,2.7142857142857144
2020-03-12,287,2,United_States_of_America,327167434,1312,164.71428571428572,30,2.7142857142857144
2020-03-13,351,10,United_States_of_America,327167434,1663,204.28571428571428,40,4
2020-03-14,511,7,United_States_of_America,327167434,2174,262.2857142857143,47,4.714285714285714
2020-03-15,777,10,United_States_of_America,327167434,2951,359.7142857142857,57,5.714285714285714
2020-03-16,823,12,United_States_of_America,327167434,3774,460,69,6.857142857142857
2020-03-17,887,16,United_States_of_America,327167434,4661,558.1428571428571,85,8.428571428571429
2020-03-18,1766,23,United_States_of_America,327167434,6427,771.7142857142857,108,11.428571428571429
2020-03-19,2988,42,United_States_of_America,327167434,9415,1157.5714285714287,150,17.142857142857142
2020-03-20,4835,0,United_States_of_America,327167434,14250,1798.142857142857,150,15.714285714285714
2020-03-21,5374,110,United_States_of_America,327167434,19624,2492.8571428571427,260,30.428571428571427
2020-03-22,7123,80,United_States_of_America,327167434,26747,3399.4285714285716,340,40.42857142857143
2020-03-23,8459,131,United_States_of_America,327167434,35206,4490.285714285715,471,57.42857142857143
2020-03-24,11236,119,United_States_of_America,327167434,46442,5968.714285714285,590,72.14285714285714
2020-03-25,8789,211,United_States_of_America,327167434,55231,6972,801,99
2020-03-26,13963,249,United_States_of_America,327167434,69194,8539.857142857143,1050,128.57142857142858
2020-03-27,16797,246,United_States_of_America,327167434,85991,10248.714285714286,1296,163.71428571428572
2020-03-28,18695,411,United_States_of_America,327167434,104686,12151.714285714286,1707,206.71428571428572
2020-03-29,19979,484,United_States_of_America,327167434,124665,13988.285714285714,2191,264.42857142857144
2020-03-30,18360,318,United_States_of_America,327167434,143025,15402.714285714286,2509,291.14285714285717
2020-03-31,21595,661,United_States_of_America,327167434,164620,16882.571428571428,3170,368.57142857142856
2020-04-01,24998,909,United_States_of_America,327167434,189618,19198.14285714286,4079,468.2857142857143
2020-04-02,27103,1059,United_States_of_America,327167434,216721,21075.285714285714,5138,584
2020-04-03,28819,915,United_States_of_America,327167434,245540,22792.714285714286,6053,679.5714285714286
2020-04-04,32425,1104,United_States_of_America,327167434,277965,24754.14285714286,7157,778.5714285714286
2020-04-05,34272,1344,United_States_of_America,327167434,312237,26796,8501,901.4285714285714
2020-04-06,25398,1146,United_States_of_America,327167434,337635,27801.428571428572,9647,1019.7142857142857
2020-04-07,30561,1342,United_States_of_America,327167434,368196,29082.285714285714,10989,1117
2020-04-08,30613,1906,United_States_of_America,327167434,398809,29884.428571428572,12895,1259.4285714285713
2020-04-09,33323,1922,United_States_of_America,327167434,432132,30773,14817,1382.7142857142858
2020-04-10,33901,1873,United_States_of_America,327167434,466033,31499,16690,1519.5714285714287
2020-04-11,35527,2087,United_States_of_America,327167434,501560,31942.14285714286,18777,1660
2020-04-12,28391,1831,United_States_of_America,327167434,529951,31102,20608,1729.5714285714287
2020-04-13,27620,1500,United_States_of_America,327167434,557571,31419.428571428572,22108,1780.142857142857
2020-04-14,25023,1541,United_States_of_America,327167434,582594,30628.285714285714,23649,1808.5714285714287
2020-04-15,26922,2408,United_States_of_America,327167434,609516,30101,26057,1880.2857142857142
2020-04-16,30148,4928,United_States_of_America,327167434,639664,29647.428571428572,30985,2309.714285714286
2020-04-17,31667,2299,United_States_of_America,327167434,671331,29328.285714285714,33284,2370.5714285714284
2020-04-18,30833,3770,United_States_of_America,327167434,702164,28657.714285714286,37054,2611
2020-04-19,32922,1856,United_States_of_America,327167434,735086,29305,38910,2614.5714285714284
2020-04-20,24601,1772,United_States_of_America,327167434,759687,28873.714285714286,40682,2653.4285714285716
2020-04-21,28065,1857,United_States_of_America,327167434,787752,29308.285714285714,42539,2698.5714285714284
2020-04-22,37289,2524,United_States_of_America,327167434,825041,30789.285714285714,45063,2715.1428571428573
2020-04-23,17588,1721,United_States_of_America,327167434,842629,28995,46784,2257
2020-04-24,26543,3179,United_States_of_America,327167434,869172,28263,49963,2382.714285714286
2020-04-25,21352,1054,United_States_of_America,327167434,890524,26908.571428571428,51017,1994.7142857142858
2020-04-26,48529,2172,United_States_of_America,327167434,939053,29138.14285714286,53189,2039.857142857143
2020-04-27,26857,1687,United_States_of_America,327167434,965910,29460.428571428572,54876,2027.7142857142858
2020-04-28,22541,1369,United_States_of_America,327167434,988451,28671.285714285714,56245,1958
2020-04-29,24132,2110,United_States_of_America,327167434,1012583,26791.714285714286,58355,1898.857142857143
2020-04-30,27326,2611,United_States_of_America,327167434,1039909,28182.85714285714,60966,2026
2020-05-01,29917,2040,United_States_of_America,327167434,1069826,28664.85714285714,63006,1863.2857142857142
2020-05-02,33955,2062,United_States_of_America,327167434,1103781,30465.285714285714,65068,2007.2857142857142
2020-05-03,29288,1317,United_States_of_America,327167434,1133069,27716.571428571428,66385,1885.142857142857
2020-05-04,24972,1297,United_States_of_America,327167434,1158041,27447.285714285714,67682,1829.4285714285713
2020-05-05,22593,1252,United_States_of_America,327167434,1180634,27454.714285714286,68934,1812.7142857142858
2020-05-06,23841,2144,United_States_of_America,327167434,1204475,27413.14285714286,71078,1817.5714285714287
2020-05-07,24128,2353,United_States_of_America,327167434,1228603,26956.285714285714,73431,1780.7142857142858
2020-05-08,28369,2239,United_States_of_America,327167434,1256972,26735.14285714286,75670,1809.142857142857
