date,country,continent,population,weekly_cases,cases_14day_rollsum_per100000,cumulative_cases,weekly_deaths,deaths_14day_rollsum_per100000,cumulative_deaths,weekly_cases_per100000,cum_cases_per100000,weekly_deaths_per100000,cum_deaths_per100000
2019-12-30,Belgium,Europe,11522440,0,NA,0,0,NA,0,0,0,0,0
2020-01-06,Belgium,Europe,11522440,0,0,0,0,0,0,0,0,0,0
2020-01-13,Belgium,Europe,11522440,0,0,0,0,0,0,0,0,0,0
2020-01-20,Belgium,Europe,11522440,0,0,0,0,0,0,0,0,0,0
2020-01-27,Belgium,Europe,11522440,0,0,0,0,0,0,0,0,0,0
2020-02-03,Belgium,Europe,11522440,0,0,0,0,0,0,0,0,0,0
2020-02-10,Belgium,Europe,11522440,0,0,0,0,0,0,0,0,0,0
2020-02-17,Belgium,Europe,11522440,343,2.9768000527666,343,0,0,0,2.9768000527666016,2.9768000527666016,0,0
2020-02-24,Belgium,Europe,11522440,-324,0.164895629745089,19,0,0,0,-2.8119044230215127,0.1648956297450887,0,0
2020-03-02,Belgium,Europe,11522440,388,0.555437910720299,407,0,0,0,3.3673423337418114,3.5322379634869003,0,0
2020-03-09,Belgium,Europe,11522440,1348,15.0662533282881,1755,18,1.56216912390084,18,11.698910994546294,15.231148958033193,0.15621691239008403,0.15621691239008403
2020-03-16,Belgium,Europe,11522440,3673,43.5758398394784,5428,198,18.7460294868101,216,31.87692884493215,47.10807780296534,1.7183860362909245,1.8746029486810085
2020-03-23,Belgium,Europe,11522440,8130,102.43490094112,13558,782,85.0514300790458,998,70.55797209618795,117.66604989915331,6.786756971613651,8.66135992029466
2020-03-30,Belgium,Europe,11522440,9694,154.689458135603,23252,1584,205.338452619411,2582,84.13148603941526,201.79753593856856,13.747088290327396,22.408448210622055
2020-04-06,Belgium,Europe,11522440,11175,181.116152481593,34427,1979,309.222699358816,4561,96.98466644217717,298.78220238074573,17.17518164555424,39.583629856176294
2020-04-13,Belgium,Europe,11522440,7963,166.093292740079,42390,1667,316.42603476347,6228,69.10862629790218,367.8908286786479,14.467421830792784,54.051051686969075
2020-04-20,Belgium,Europe,11522440,5703,118.603351373494,48093,1195,248.384890700234,7423,49.494725075591624,417.38555375423954,10.371067239230578,64.42211892619966
2020-04-27,Belgium,Europe,11522440,3095,76.3553552893311,51188,698,164.288119530238,8121,26.86063021373945,444.246183967979,6.057744713793259,70.47986363999291
2020-05-04,Belgium,Europe,11522440,3051,53.3393968638587,54239,535,107.008584987208,8656,26.478766650119244,470.72495061809826,4.643113784927498,75.12297742492042
2020-05-11,Belgium,Europe,11522440,2071,44.4523902923339,56310,314,73.6823103439896,8970,17.97362364221467,488.6985742603129,2.725117249471466,77.84809467439187
2020-05-18,Belgium,Europe,11522440,1510,31.0784868482717,57820,230,47.2122224112254,9200,13.10486320605705,501.80343746637,1.9961049916510738,79.84419966604295
2020-05-25,Belgium,Europe,11522440,1144,23.0333158601824,58964,160,33.8469976845182,9360,9.92845265412534,511.7318901204953,1.388594776800747,81.2327944428437
2020-06-01,Belgium,Europe,11522440,847,17.2793262538143,59811,113,23.6928983791628,9473,7.3508735996889545,519.0827637201843,0.9806950611155276,82.21348950395922
2020-06-08,Belgium,Europe,11522440,671,13.1742929448971,60482,58,14.840606677058,9531,5.823419345208133,524.9061830653924,0.5033656065902709,82.7168551105495
2020-06-15,Belgium,Europe,11522440,668,11.6208025383512,61150,43,8.76550452855472,9574,5.797383193143119,530.7035662585355,0.37318484626520076,83.0900399568147
2020-06-22,Belgium,Europe,11522440,607,11.065364627631,61757,39,7.11654823110383,9613,5.267981434487834,535.9715476930234,0.3384699768451821,83.42850993365988
2020-06-29,Belgium,Europe,11522440,637,10.7963243896258,62394,25,5.55437910720299,9638,5.528342955137974,541.4998906481613,0.21696793387511673,83.64547786753499
2020-07-06,Belgium,Europe,11522440,704,11.6381599730613,63098,13,3.29791259490177,9651,6.109817017923287,547.6097076660845,0.1128233256150607,83.75830119315006
2020-07-13,Belgium,Europe,11522440,1385,18.1298405546048,64483,19,2.77718955360149,9670,12.020023536681466,559.629731202766,0.1648956297450887,83.92319682289515
2020-07-20,Belgium,Europe,11522440,2489,33.6213510332881,66972,15,2.95076390070159,9685,21.601327496606622,581.2310586993727,0.13018076032507003,84.05337758322023
2020-07-27,Belgium,Europe,11522440,3759,54.2246260340692,70731,20,3.03755107425163,9705,32.62329853746255,613.8543572368352,0.17357434710009337,84.22695193032031
2020-08-03,Belgium,Europe,11522440,4340,70.2889318581828,75071,30,4.33935867750234,9735,37.66563332072026,651.5199905575555,0.26036152065014007,84.48731345097045
2020-08-10,Belgium,Europe,11522440,3751,70.2195021193428,78822,75,9.1126532227549,9810,32.55386879862251,684.073859356178,0.6509038016253502,85.13821725259581
2020-08-17,Belgium,Europe,11522440,3453,62.5214798254536,82275,42,10.1540993053555,9852,29.967611026831122,714.0414703830091,0.36450612891019607,85.502723381506
2020-08-24,Belgium,Europe,11522440,3121,57.0538878918007,85396,28,6.07510214850327,9880,27.086276864969573,741.1277472479787,0.24300408594013073,85.74572746744613
2020-08-31,Belgium,Europe,11522440,3655,58.8069887975116,89051,17,3.9054228097521,9897,31.720711932542066,772.8484591805208,0.14753819503507937,85.89326566248121
2020-09-07,Belgium,Europe,11522440,6158,85.1642534046608,95209,19,3.12433824780168,9916,53.44354147211875,826.2920006526396,0.1648956297450887,86.0581612922263
2020-09-14,Belgium,Europe,11522440,10108,141.168016496506,105317,27,3.99220998330215,9943,87.72447502438719,914.0164756770267,0.23432536858512606,86.29248666081142
2020-09-21,Belgium,Europe,11522440,11274,185.56833448471,116591,39,5.72795345430308,9982,97.84385946032263,1011.8603351373494,0.3384699768451821,86.63095663765661
2020-09-28,Belgium,Europe,11522440,18884,261.732757992231,135475,84,10.6748223466557,10066,163.88889853190815,1175.7492336692576,0.7290122578203921,87.359968895477
2020-10-05,Belgium,Europe,11522440,38831,500.892172144095,174306,139,19.3535397016604,10205,337.0032736121863,1512.7525072814437,1.206341712345649,88.56631060782264
2020-10-12,Belgium,Europe,11522440,72200,963.606666643524,246506,236,32.5451900812675,10441,626.6033930313371,2139.3559003127807,2.0481772957811017,90.61448790360375
2020-10-19,Belgium,Europe,11522440,105333,1540.75872818604,351839,502,64.0489340799345,10943,914.1553351547068,3053.5112354674875,4.356716112212344,94.9712040158161
2020-10-26,Belgium,Europe,11522440,99548,1778.10429041071,451387,1056,135.214416390973,11999,863.9489552560048,3917.4601907234924,9.164725526884931,104.13592954270102
2020-11-02,Belgium,Europe,11522440,53994,1332.54762012213,505381,1411,214.103957147965,13410,468.5986648661221,4386.058855589615,12.245670187911587,116.3815997306126
2020-11-09,Belgium,Europe,11522440,33962,763.345263676791,539343,1328,237.710068353578,14738,294.74659881066856,4680.805454400283,11.525336647446201,127.90693637805882
2020-11-16,Belgium,Europe,11522440,22306,488.334068131403,561649,1123,212.715362371164,15861,193.58746932073416,4874.392923721018,9.746199589670244,137.65313596772904
2020-11-23,Belgium,Europe,11522440,16253,334.642662491625,577902,874,173.313985579443,16735,141.05519317089087,5015.448116891908,7.585198968274081,145.23833493600313
2020-11-30,Belgium,Europe,11522440,15276,273.631279485942,593178,699,136.516223994224,17434,132.57608631505133,5148.024203206959,6.066423431148263,151.3047583671514
2020-12-07,Belgium,Europe,11522440,16794,278.326465575,609972,666,118.464491895814,18100,145.7503792599484,5293.774582466908,5.780025758433109,157.08478412558452
2020-12-14,Belgium,Europe,11522440,17683,299.216138248496,627655,654,114.559069086062,18754,153.46575898854755,5447.240341455456,5.675881150173053,162.76066527575756
2020-12-21,Belgium,Europe,11522440,12585,262.687416901281,640240,534,103.103162177456,19288,109.22165791273376,5556.461999368189,4.634435067572493,167.39510034333006
2020-12-28,Belgium,Europe,11522440,11384,208.020176282107,651624,456,85.9193018145462,19744,98.79851836937316,5655.260517737563,3.957495113882129,171.35259545721217
2021-01-04,Belgium,Europe,11522440,14711,226.471129378847,666335,384,72.9012257820392,20128,127.67261100947368,5782.933128747036,3.332627464321793,174.68522292153398
2021-01-11,Belgium,Europe,11522440,13851,247.881525093643,680186,345,63.267849517984,20473,120.20891408416966,5903.142042831206,2.9941574874766106,177.67938040901058
2021-01-18,Belgium,Europe,11522440,15245,252.515960161216,695431,373,62.3131906089335,20846,132.30704607704618,6035.449088908252,3.2371615734167416,180.91654198242733
2021-01-25,Belgium,Europe,11522440,16578,276.182822388314,712009,297,58.1474062785313,21143,143.8757763112674,6179.32486521952,2.5775790544363866,183.4941210368637
2021-02-01,Belgium,Europe,11522440,15246,276.191501105669,727255,301,51.8987297829279,21444,132.31572479440118,6311.640590013921,2.6122939238564054,186.10641496072012
2021-02-08,Belgium,Europe,11522440,12506,240.85176403609,739761,276,50.0761991383769,21720,108.53603924168839,6420.1766292556085,2.3953259899812887,188.50174095070142
2019-12-30,France,Europe,67320216,0,NA,0,0,NA,0,0,0,0,0
2020-01-06,France,Europe,67320216,0,0,0,0,0,0,0,0,0,0
2020-01-13,France,Europe,67320216,0,0,0,0,0,0,0,0,0,0
2020-01-20,France,Europe,67320216,3,0.00445631368740706,3,0,0,0,0.0044563136874070635,0.0044563136874070635,0,0
2020-01-27,France,Europe,67320216,3,0.00891262737481413,6,0,0,0,0.0044563136874070635,0.008912627374814127,0,0
2020-02-03,France,Europe,67320216,5,0.0118835031664188,11,0,0,0,0.007427189479011772,0.0163398168538259,0,0
2020-02-10,France,Europe,67320216,1,0.00891262737481413,12,1,0.0148543789580236,1,0.0014854378958023544,0.017825254749628254,0.0014854378958023544,0.0014854378958023544
2020-02-17,France,Europe,67320216,0,0.00148543789580235,12,0,0.0148543789580236,1,0,0.017825254749628254,0,0.0014854378958023544
2020-02-24,France,Europe,67320216,118,0.175281671704678,130,1,0.0148543789580236,2,0.17528167170467782,0.19310692645430608,0.0014854378958023544,0.002970875791604709
2020-03-02,France,Europe,67320216,996,1.65477781592382,1126,17,0.267378821244424,19,1.479496144219145,1.6726030706734512,0.025252444228640026,0.028223320020244733
2020-03-09,France,Europe,67320216,4297,7.86242278248186,5423,108,1.85679736975294,127,6.382926638262717,8.055529708936168,0.16042729274665427,0.188650612766899
2020-03-16,France,Europe,67320216,10595,22.1211411442887,16018,547,9.72961821750542,674,15.738214506025946,23.793744214962114,0.8125345290038879,1.0011851417707869
2020-03-23,France,Europe,67320216,24156,51.6204523170276,40174,1932,36.8240054369404,2606,35.88223781100167,59.67598202596378,2.8698660146901487,3.871051156460936
2020-03-30,France,Europe,67320216,30304,80.8969478053962,70478,5472,109.981821805206,8078,45.01470999439455,104.69069202035834,8.128316165830483,11.99936732229142
2020-04-06,France,Europe,67320216,24925,82.0392495472682,95403,6315,175.088564778224,14393,37.024539552873684,141.71523157323202,9.380540311991869,21.37990763428329
2020-04-13,France,Europe,67320216,17203,62.5785276743616,112606,5325,172.904971071394,19718,25.553988121487905,167.2692196947199,7.909956795147537,29.289864429430825
2020-04-20,France,Europe,67320216,11969,43.3331942963463,124575,3138,125.712609121753,22856,17.77920617485838,185.0484258695783,4.661304117027788,33.95116854645861
2020-04-27,France,Europe,67320216,6712,27.7494653314838,131287,2039,76.9011198656879,24895,9.970259156625403,195.0186850262037,3.0288078695410006,36.979976415999616
2020-05-04,France,Europe,67320216,7776,21.5210242343845,139063,1485,52.346831448075,26380,11.550765077759108,206.56945010396282,2.2058752752664965,39.18585169126611
2020-05-11,France,Europe,67320216,3348,16.5240111529054,142411,1331,41.8299311457943,27711,4.973246075146283,211.5426961791091,1.9771178393129338,41.16296953057904
2020-05-18,France,Europe,67320216,2510,8.70169519361019,144921,656,29.5156509895928,28367,3.7284491184639097,215.271145297573,0.9744472596463445,42.13741679022539
2020-05-25,France,Europe,67320216,6832,13.8769608225856,151753,435,16.2061274432037,28802,10.148511704121685,225.4196570016947,0.6461654846740241,42.78358227489941
2020-06-01,France,Europe,67320216,2224,13.4521255843861,153977,353,11.7052506189226,29155,3.3036138802644364,228.72327088195914,0.5243595772182311,43.307941852117644
2020-06-08,France,Europe,67320216,3243,8.12088897635147,157220,252,8.98689926960424,29407,4.817275096087036,233.54054597804617,0.3743303497421933,43.68227220185984
2020-06-15,France,Europe,67320216,3157,9.50680253313507,160377,233,7.20437379464142,29640,4.689527437048033,238.23007341509418,0.34610702972194857,44.02837923158179
2020-06-22,France,Europe,67320216,2559,8.49076301240626,162936,138,5.51097459342674,29778,3.8012355753582248,242.03130899045243,0.20499042962072492,44.23336966120251
2020-06-29,France,Europe,67320216,4024,9.7786376680669,166960,115,3.75815787637996,29893,5.977402092708674,248.0087110831611,0.17082535801727075,44.40419501921978
2020-07-06,France,Europe,67320216,3792,11.6101825935912,170752,111,3.35708964451332,30004,5.632780500882528,253.64149158404362,0.16488360643406133,44.569078625653844
2020-07-13,France,Europe,67320216,3922,11.4586679282194,174674,148,3.8472841501281,30152,5.825887427336834,259.46737901138044,0.21984480857874844,44.78892343423259
2020-07-20,France,Europe,67320216,5854,14.5216408693638,180528,40,2.79262324410843,30192,8.695753442026982,268.16313245340746,0.059417515832094175,44.84834095006468
2020-07-27,France,Europe,67320216,7391,19.6746249299022,187919,73,1.67854482225666,30265,10.978871487875201,279.14200394128267,0.10843696639357188,44.95677791645826
2020-08-03,France,Europe,67320216,10002,25.8362213216904,197921,59,1.96077802245911,30324,14.85734983381515,293.9993537750978,0.08764083585233891,45.0444187523106
2020-08-10,France,Europe,67320216,20615,45.4796520557807,218536,86,2.15388494891341,30410,30.622302221965537,324.62165599706333,0.12774765903900248,45.1721664113496
2020-08-17,France,Europe,67320216,24363,66.8120256773983,242899,103,2.80747762306645,30513,36.18972345543276,360.8113794524961,0.15300010326764252,45.32516651461724
2020-08-24,France,Europe,67320216,35044,88.2454090759305,277943,93,2.91145827577262,30606,52.055685620497705,412.8670650729938,0.13814572430961897,45.46331223892686
2020-08-31,France,Europe,67320216,46834,121.624684032505,324777,95,2.79262324410843,30701,69.56899841200746,482.4360634850013,0.14111660010122368,45.60442883902808
2020-09-07,France,Europe,67320216,56317,153.224404389909,381094,215,4.6048574769873,30916,83.6554059779012,566.0914694629024,0.3193691475975062,45.92379798662559
2020-09-14,France,Europe,67320216,72669,191.600692427963,453763,369,8.67495731148575,31285,107.94528645006129,674.0367559129637,0.5481265835510688,46.47192457017666
2020-09-21,France,Europe,67320216,84806,233.919332641476,538569,442,12.0469013349571,31727,125.97404619141447,800.0108021043782,0.6565635499446406,47.1284881201213
2020-09-28,France,Europe,67320216,80601,245.70182603098,619170,503,14.0373881153323,32230,119.72777983956557,919.7385819439438,0.7471752615885843,47.875663381709884
2020-10-05,France,Europe,67320216,115804,291.747429925062,734974,500,14.8989420948976,32730,172.01965008549584,1091.7582320294396,0.7427189479011772,48.61838232961106
2020-10-12,France,Europe,67320216,162060,412.749715479225,897034,747,18.5234105606554,33477,240.73006539372955,1332.4882974231691,1.1096221081643587,49.72800443777542
2020-10-19,France,Europe,67320216,241473,599.423210406812,1138507,1284,30.1692436637458,34761,358.6931450130819,1691.181442436251,1.907302258210223,51.63530669598564
2020-10-26,France,Europe,67320216,275408,767.794625020217,1413915,2258,52.6142102693194,37019,409.10148000713485,2100.282922443386,3.354118768721716,54.98942546470736
2020-11-02,France,Europe,67320216,373409,963.777359240796,1787324,3420,84.3431637236577,40439,554.6758792336614,2654.958801677047,5.080197603644052,60.06962306835141
2020-11-09,France,Europe,67320216,194503,843.598006280907,1981827,4109,111.838619174959,44548,288.92212704724534,2943.8809287242925,6.1036643138518745,66.17328738220328
2020-11-16,France,Europe,67320216,158381,524.187266422318,2140208,4184,123.187364698889,48732,235.2651393750727,3179.1460680993655,6.215072156037051,72.38835953824034
2020-11-23,France,Europe,67320216,78275,351.537790669002,2218483,3593,115.522505156549,52325,116.27265129392929,3295.418719393295,5.33717835961786,77.72553789785819
2020-11-30,France,Europe,67320216,74014,226.215851713845,2292497,2830,95.4096760473852,55155,109.94320041991546,3405.36191981321,4.203789245120663,81.92932714297886
2020-12-07,France,Europe,67320216,84355,235.247314120323,2376852,2756,82.9765608595195,57911,125.30411370040761,3530.6660335136175,4.093866840831288,86.02319398381015
2020-12-14,France,Europe,67320216,96502,268.651841521126,2473354,2638,80.124520099579,60549,143.3477278207188,3674.0137613343363,3.918585169126611,89.94177915293676
2020-12-21,France,Europe,67320216,89292,275.985448412703,2562646,2560,77.2130618238064,63109,132.63772059198382,3806.6514819263202,3.8027210132540272,93.74450016619079
2020-12-28,France,Europe,67320216,93082,270.905250809059,2655728,1928,66.6664527636097,65037,138.26753021707475,3944.9190121433953,2.8639242631069393,96.60842442929773
2021-01-04,France,Europe,67320216,127528,327.702454192957,2783256,2713,68.9391727441873,67750,189.43492397588267,4134.353936119278,4.029993011311787,100.63841744060952
2021-01-11,France,Europe,67320216,127733,379.174362720405,2910989,2533,77.9260720137915,70283,189.73943874452215,4324.0933748638,3.7626141900673638,104.40103163067687
2021-01-18,France,Europe,67320216,142628,401.60447494702,3053617,2766,78.7133540985668,73049,211.8650362024982,4535.958411066298,4.108721219789312,108.50975285046619
2021-01-25,France,Europe,67320216,143497,425.020917936449,3197114,3008,85.769184103628,76057,213.15588173395045,4749.114292800248,4.468197190573482,112.97795004103968
2021-02-01,France,Europe,67320216,139934,421.019148245157,3337048,2908,87.8785059156673,78965,207.86326651120666,4956.9775593114555,4.319653400993246,117.29760344203292
2021-02-08,France,Europe,67320216,128115,398.170142531925,3465163,2849,85.5166596613416,81814,190.30687602071865,5147.284435332173,4.2320125651409075,121.52961600717383
2019-12-30,Germany,Europe,83166711,0,NA,0,0,NA,0,0,0,0,0
2020-01-06,Germany,Europe,83166711,0,0,0,0,0,0,0,0,0,0
2020-01-13,Germany,Europe,83166711,0,0,0,0,0,0,0,0,0,0
2020-01-20,Germany,Europe,83166711,0,0,0,0,0,0,0,0,0,0
2020-01-27,Germany,Europe,83166711,9,0.0108216375179247,9,0,0,0,0.01082163751792469,0.01082163751792469,0,0
2020-02-03,Germany,Europe,83166711,4,0.0156312541925579,13,0,0,0,0.004809616674633196,0.015631254192557887,0,0
2020-02-10,Germany,Europe,83166711,2,0.00721442501194979,15,0,0,0,0.002404808337316598,0.018036062529874483,0,0
2020-02-17,Germany,Europe,83166711,0,0.0024048083373166,15,0,0,0,0,0.018036062529874483,0,0
2020-02-24,Germany,Europe,83166711,114,0.137074075227046,129,0,0,0,0.13707407522704607,0.15511013775692056,0,0
2020-03-02,Germany,Europe,83166711,773,1.06653249759991,902,0,0,0,0.929458422372865,1.0845685601297856,0,0
2020-03-09,Germany,Europe,83166711,3936,5.66212123021193,4838,12,0.144288500238996,12,4.7326628078390645,5.81723136796885,0.014428850023899587,0.014428850023899587
2020-03-16,Germany,Europe,83166711,19936,28.7037923142109,24774,82,1.1302599185388,94,23.971129506371845,29.788360874340697,0.09859714182998051,0.1130259918538801
2020-03-23,Germany,Europe,83166711,32524,63.0781226878144,57298,361,5.32665046715626,455,39.10699318144251,68.89535405578322,0.4340679048856459,0.547093896739526
2020-03-30,Germany,Europe,83166711,38093,84.9101751781431,95391,979,16.1122158600212,1434,45.80318199670058,114.69853605248379,1.1771536811164747,1.7242475778560007
2020-04-06,Germany,Europe,83166711,27625,79.0195971558861,123016,1365,28.1843537133505,2799,33.21641515918551,147.9149512116693,1.641281690218578,3.3655292680745785
2020-04-13,Germany,Europe,83166711,18656,55.6484673296747,141672,1605,35.7114038091515,4404,22.432052170489225,170.34700338215853,1.9298586906965698,5.2953879587711485
2020-04-20,Germany,Europe,83166711,13521,38.6897589349181,155193,1346,35.4829470171064,5750,16.25770676442886,186.6047101465874,1.6184360110140703,6.913823969785219
2020-04-27,Germany,Europe,83166711,7982,25.8552968386594,163175,942,27.5110073789019,6692,9.597590074230542,196.20230022081793,1.1326647268761176,8.046488696661337
2020-05-04,Germany,Europe,83166711,6400,17.2929767536437,169575,725,20.0440774915338,7417,7.695386679413113,203.89768690023104,0.8717430222772667,8.918231718938603
2020-05-11,Germany,Europe,83166711,5122,13.8541008312809,174697,518,14.9458838164227,7935,6.158714151867807,210.05640105209883,0.6228453593649989,9.541077078303601
2020-05-18,Germany,Europe,83166711,3873,10.8156254970814,178570,322,10.1001950167297,8257,4.656911345213592,214.71331239731242,0.38717414230797226,9.928251220611575
2020-05-25,Germany,Europe,83166711,3245,8.55871287250977,181815,254,6.9258480114718,8511,3.90180152729618,218.6151139246086,0.3054106588392079,10.233661879450782
2020-06-01,Germany,Europe,83166711,2378,6.76111864036561,184193,163,5.01402538330511,8674,2.8593171130694346,221.47443103767804,0.19599187949130273,10.429653758942084
2020-06-08,Germany,Europe,83166711,2268,5.58636976758646,186461,117,3.36673167224324,8791,2.727052654517022,224.20148369219507,0.14068128773302097,10.570335046675106
2020-06-15,Germany,Europe,83166711,3898,7.41402410394707,190359,94,2.53707279586901,8885,4.686971449430049,228.88845514162512,0.1130259918538801,10.683361038528986
2020-06-22,Germany,Europe,83166711,3402,8.77755043120558,193761,76,2.04408708671911,8961,4.090578981775533,232.97903412340065,0.09138271681803072,10.774743755347016
2020-06-29,Germany,Europe,83166711,2793,7.44889382483816,196554,55,1.57514946094237,9016,3.3583148430626286,236.33734896646328,0.06613222927620643,10.840875984623223
2020-07-06,Germany,Europe,83166711,2409,6.25490648536047,198963,48,1.23847629371805,9064,2.896591642297842,239.23394060876112,0.05771540009559835,10.898591384718822
2020-07-13,Germany,Europe,83166711,2860,6.33546756466058,201823,22,0.841682918060809,9086,3.438875922362735,242.67281653112386,0.026452891710482575,10.925044276429304
2020-07-20,Germany,Europe,83166711,3786,7.99117810490305,205609,32,0.649298251075481,9118,4.55230218254032,247.2251187136642,0.038476933397065566,10.96352120982637
2020-07-27,Germany,Europe,83166711,4793,10.3154253629196,210402,30,0.745490584568145,9148,5.763123180379226,252.9882418940434,0.036072125059748966,10.999593334886118
2020-08-03,Germany,Europe,83166711,5925,12.8873678796797,216327,49,0.949899293240056,9197,7.124244699300421,260.1124865933438,0.05891780426425665,11.058511139150376
2020-08-10,Germany,Europe,83166711,7687,16.3671255437768,224014,35,1.01001950167297,9232,9.242880844476344,269.3553674378202,0.04208414590304046,11.100595285053416
2020-08-17,Germany,Europe,83166711,9561,20.7390671010183,233575,40,0.901803126493724,9272,11.496186256541996,280.85155369436217,0.04809616674633196,11.148691451799747
2020-08-24,Germany,Europe,83166711,8806,22.084557365747,242381,26,0.793586751314477,9298,10.58837110920498,291.4399248035671,0.031262508385115774,11.179953960184863
2020-08-31,Germany,Europe,83166711,8418,20.7102094009705,250799,27,0.637274209388899,9325,10.12183829176556,301.5617630953327,0.032464912553774074,11.212418872738636
2020-09-07,Germany,Europe,83166711,9556,21.6120125274643,260355,25,0.625250167702316,9350,11.490174235698705,313.0519373310314,0.030060104216457474,11.242478976955095
2020-09-14,Germany,Europe,83166711,11982,25.8973809845624,272337,36,0.733466542881562,9386,14.407206748863738,327.45914407989517,0.04328655007169876,11.285765527026793
2020-09-21,Germany,Europe,83166711,12995,30.0324489205783,285332,74,1.32264458552413,9460,15.625242171714595,343.0843862516097,0.08897790848071412,11.374743435507508
2020-09-28,Germany,Europe,83166711,15287,34.006394697994,300619,74,1.77955816961428,9534,18.381152526279415,361.46553877788915,0.08897790848071412,11.463721343988222
2020-10-05,Germany,Europe,83166711,24712,48.0949643421633,325331,87,1.93587071153986,9621,29.713811815883883,391.17935059377305,0.104609162673272,11.568330506661495
2020-10-12,Germany,Europe,83166711,40968,78.9739057974771,366299,168,3.06613063007866,9789,49.26009398159319,440.4394445753662,0.20200390033459423,11.770334406996088
2020-10-19,Germany,Europe,83166711,71567,135.312553119962,437866,267,5.2304581336636,10056,86.05245913836848,526.4919037137347,0.3210419130317658,12.091376320027853
2020-10-26,Germany,Europe,83166711,107161,214.903292255961,545027,474,8.90981488975799,10530,128.85083311759197,655.3427368313266,0.5699395759440337,12.661315895971887
2020-11-02,Germany,Europe,83166711,126841,281.364980274379,671868,822,15.5831580258116,11352,152.5141471567873,807.856883988114,0.9883762266371217,13.649692122609009
2020-11-09,Germany,Europe,83166711,129459,308.176188427122,801327,1195,24.2524920818379,12547,155.66204127033473,963.5189252584487,1.4368729815466672,15.086565104155676
2020-11-16,Germany,Europe,83166711,127806,309.336508449877,929133,1565,33.1863550549691,14112,153.67446717954255,1117.1933924379912,1.8817625239502378,16.968327628105914
2020-11-23,Germany,Europe,83166711,124736,303.657553561304,1053869,2136,44.5009782820436,16248,149.98308638176158,1267.176478819753,2.5683353042541266,19.53666293236004
2020-11-30,Germany,Europe,83166711,129785,306.037111411079,1183654,2671,57.7995683874044,18919,156.05402502931733,1423.2305038490701,3.211621534486316,22.748284466846357
2020-12-07,Germany,Europe,83166711,153424,340.531682201548,1337078,3056,68.8616867390608,21975,184.47765717223086,1607.708161021301,3.6745471394197615,26.42283160626612
2020-12-14,Germany,Europe,83166711,173574,393.183758342926,1510652,4300,88.4488506465045,26275,208.70610117069558,1816.4142621919966,5.170337925230685,31.593169531496805
2020-12-21,Germany,Europe,83166711,141182,378.463926510212,1651834,3851,98.0079637873379,30126,169.75782533951596,1986.1720875315125,4.630458453503109,36.223627984999915
2020-12-28,Germany,Europe,83166711,123679,318.469970515006,1775513,4448,99.7875219569522,34574,148.71214517548975,2134.8842327070024,5.348293742192114,41.57192172719203
2021-01-04,Germany,Europe,83166711,145511,323.675178161128,1921024,6112,126.973880210316,40686,174.96303298563774,2309.84726569264,7.349094278839523,48.92101600603155
2021-01-11,Germany,Europe,83166711,119635,318.812655703073,2040659,5947,144.997918698504,46633,143.84962271743558,2453.6968884100756,7.150697591010903,56.071713597042454
2021-01-18,Germany,Europe,83166711,101006,265.299658176936,2141665,5454,137.086099268733,52087,121.45003545950014,2575.146923869576,6.557912335862362,62.629625932904815
2021-01-25,Germany,Europe,83166711,80306,218.010304627774,2221971,5033,126.096125167196,57120,96.56026916827335,2671.7071930378493,6.051700180857218,68.68132611376204
2021-02-01,Germany,Europe,83166711,66574,176.609124292531,2288545,4555,115.286511690958,61675,80.04885512425759,2751.7560481621067,5.476950988238552,74.15827710200058
2021-02-08,Germany,Europe,83166711,50442,140.700526199719,2338987,3401,95.6632756584543,65076,60.65167107546191,2812.4077192375685,4.089376577606875,78.24765367960745
2019-12-30,Greece,Europe,10718565,0,NA,0,0,NA,0,0,0,0,0
2020-01-06,Greece,Europe,10718565,0,0,0,0,0,0,0,0,0,0
2020-01-13,Greece,Europe,10718565,0,0,0,0,0,0,0,0,0,0
2020-01-20,Greece,Europe,10718565,0,0,0,0,0,0,0,0,0,0
2020-01-27,Greece,Europe,10718565,0,0,0,0,0,0,0,0,0,0
2020-02-03,Greece,Europe,10718565,0,0,0,0,0,0,0,0,0,0
2020-02-10,Greece,Europe,10718565,0,0,0,0,0,0,0,0,0,0
2020-02-17,Greece,Europe,10718565,0,0,0,0,0,0,0,0,0,0
2020-02-24,Greece,Europe,10718565,7,0.065307249617836,7,0,0,0,0.06530724961783597,0.06530724961783597,0,0
2020-03-02,Greece,Europe,10718565,66,0.681061317443147,73,0,0,0,0.6157540678253106,0.6810613174431466,0,0
2020-03-09,Greece,Europe,10718565,258,3.02279269659698,331,4,0.373184283530491,4,2.4070386287716685,3.088099946214815,0.037318428353049125,0.037318428353049125
2020-03-16,Greece,Europe,10718565,293,5.14061350563252,624,11,1.39944106323934,15,2.7335748768608488,5.821674823075663,0.10262567797088509,0.13994410632393423
2020-03-23,Greece,Europe,10718565,532,7.69692584781638,1156,23,3.17206641000918,38,4.963350970955534,10.785025794031197,0.2145809630300325,0.3545250693539667
2020-03-30,Greece,Europe,10718565,579,10.3651934750594,1735,35,5.41117211119212,73,5.401842504103861,16.18686829813506,0.32653624808917986,0.6810613174431466
2020-04-06,Greece,Europe,10718565,379,8.93776359055527,2114,25,5.59776425295737,98,3.535921086451405,19.722789384586463,0.23324017720655704,0.9143014946497036
2020-04-13,Greece,Europe,10718565,121,4.66480354413114,2235,12,3.45195462265704,110,1.128882457679736,20.8516718422662,0.11195528505914738,1.026256779708851
2020-04-20,Greece,Europe,10718565,271,3.65720597859881,2506,20,2.98547426824393,130,2.5283235209190784,23.379995363185277,0.18659214176524563,1.2128489214740967
2020-04-27,Greece,Europe,10718565,120,3.64787637151055,2626,14,3.17206641000918,144,1.1195528505914738,24.49954821377675,0.13061449923567195,1.3434634207097687
2020-05-04,Greece,Europe,10718565,90,1.95921748853508,2716,7,1.95921748853508,151,0.8396646379436054,25.339212851720358,0.06530724961783597,1.4087706703276046
2020-05-11,Greece,Europe,10718565,118,1.94055827435856,2834,12,1.77262534676983,163,1.1008936364149493,26.440106488135307,0.11195528505914738,1.520725955386752
2020-05-18,Greece,Europe,10718565,44,1.51139634829849,2878,8,1.86592141765246,171,0.41050271188354037,26.850609200018848,0.07463685670609825,1.5953628120928502
2020-05-25,Greece,Europe,10718565,39,0.774357388325769,2917,4,1.11955285059147,175,0.36385467644222896,27.214463876461075,0.037318428353049125,1.6326812404458992
2020-06-01,Greece,Europe,10718565,80,1.11022324350321,2997,5,0.839664637943605,180,0.7463685670609825,27.960832443522058,0.04664803544131141,1.6793292758872107
2020-06-08,Greece,Europe,10718565,124,1.90323984600551,3121,3,0.746368567060983,183,1.156871278944523,29.117703722466583,0.027988821264786846,1.7073180971519977
2020-06-15,Greece,Europe,10718565,145,2.50966430674255,3266,7,0.932960708826228,190,1.352793027798031,30.470496750264612,0.06530724961783597,1.7726253467698336
2020-06-22,Greece,Europe,10718565,110,2.37904980750688,3376,1,0.746368567060983,191,1.026256779708851,31.496753529973464,0.009329607088262281,1.7819549538580959
2020-06-29,Greece,Europe,10718565,143,2.36039059333036,3519,1,0.186592141765246,192,1.3341338136215064,32.830887343594966,0.009329607088262281,1.7912845609463581
2020-07-06,Greece,Europe,10718565,284,3.98374222668799,3803,1,0.186592141765246,193,2.649608413066488,35.480495756661455,0.009329607088262281,1.8006141680346204
2020-07-13,Greece,Europe,10718565,204,4.55284825907199,4007,1,0.186592141765246,194,1.9032398460055056,37.38373560266696,0.009329607088262281,1.8099437751228826
2020-07-20,Greece,Europe,10718565,186,3.63854676442229,4193,8,0.839664637943605,202,1.7353069184167844,39.11904252108375,0.07463685670609825,1.8845806318289808
2020-07-27,Greece,Europe,10718565,469,6.1108926428118,4662,6,1.30614499235672,208,4.37558572439501,43.49462824547876,0.05597764252957369,1.9405582743585545
2020-08-03,Greece,Europe,10718565,961,13.3413381362151,5623,4,0.932960708826228,212,8.965752411820052,52.46038065729881,0.037318428353049125,1.9778767027116038
2020-08-10,Greece,Europe,10718565,1452,22.5123419039769,7075,16,1.86592141765246,228,13.546589492156834,66.00697014945564,0.1492737134121965,2.1271504161238
2020-08-17,Greece,Europe,10718565,1589,28.3713351554056,8664,14,2.79888212647868,242,14.824745663248766,80.8317158127044,0.13061449923567195,2.257764915359472
2020-08-24,Greece,Europe,10718565,1470,28.5392680829943,10134,20,3.17206641000918,262,13.714522419745554,94.54623823244997,0.18659214176524563,2.444357057124718
2020-08-31,Greece,Europe,10718565,1390,26.6826762724301,11524,22,3.91843497707016,284,12.968153852684571,107.51439208513453,0.20525135594177019,2.649608413066488
2020-09-07,Greece,Europe,10718565,1716,28.9777596161427,13240,21,4.01173104795278,305,16.009605763458076,123.52399784859261,0.1959217488535079,2.8455301619199957
2020-09-14,Greece,Europe,10718565,1902,33.7545184453329,15142,33,5.03798782766163,338,17.74491268187486,141.26891053046748,0.3078770339126553,3.153407195832651
2020-09-21,Greece,Europe,10718565,2302,39.2216681990546,17444,41,6.90390924531409,379,21.47675551717977,162.74566604764723,0.38251389061875357,3.535921086451405
2020-09-28,Greece,Europe,10718565,2398,43.8491533148327,19842,30,6.62402103266622,409,22.37239779765295,185.11806384530018,0.27988821264786845,3.815809299099273
2020-10-05,Greece,Europe,10718565,2516,45.8456892317209,22358,40,6.5307249617836,449,23.4732914340679,208.5913552793681,0.37318428353049127,4.188993582629765
2020-10-12,Greece,Europe,10718565,3012,51.5740679839139,25370,60,9.32960708826228,509,28.100776549845992,236.69213182921408,0.5597764252957369,4.7487700079255015
2020-10-19,Greece,Europe,10718565,5412,78.5926101115215,30782,65,11.6620088603279,574,50.49183356167547,287.18396539088957,0.6064244607370484,5.35519446866255
2020-10-26,Greece,Europe,10718565,10147,145.159356686273,40929,61,11.7553049312105,635,94.66752312459737,381.85148851548695,0.5691060323839991,5.924300501046549
2020-11-02,Greece,Europe,10718565,15769,241.786097299405,56698,149,19.5921748853508,784,147.11857417480792,528.9700626902949,1.39011145615108,7.3144119571976285
2020-11-09,Greece,Europe,10718565,17507,310.452005469016,74205,322,43.9424493857153,1106,163.33343129420777,692.3034939845027,3.0041334824204546,10.318545439618084
2020-11-16,Greece,Europe,10718565,17414,325.799209129207,91619,524,78.9284759666989,1630,162.4657778349994,854.769271819502,4.888714114249436,15.20725955386752
2020-11-23,Greece,Europe,10718565,12608,280.09346400381,104227,691,113.354726122387,2321,117.62768616881085,972.3969579883128,6.4467584979892365,21.654018051856756
2020-11-30,Greece,Europe,10718565,11244,222.529788269232,115471,682,128.095505321841,3003,104.90210210042109,1077.299060088734,6.362792034194876,28.01681008605163
2020-12-07,Greece,Europe,10718565,9063,189.456331141342,124534,622,121.65807643094,3625,84.55422904092106,1161.853289129655,5.803015608899139,33.81982569495077
2020-12-14,Greece,Europe,10718565,6538,145.55120018398,131072,547,109.063106861786,4172,60.9969711430588,1222.8502602727137,5.103295077279468,38.92312077223024
2020-12-21,Greece,Europe,10718565,4859,106.329531984925,135931,500,97.6809862141061,4672,45.332560841866425,1268.1828211145803,4.664803544131141,43.58792431636138
2020-12-28,Greece,Europe,10718565,4168,84.2183631857436,140099,285,73.2374156428589,4957,38.88580234387719,1307.0686234584575,2.6589380201547503,46.24686233651613
2021-01-04,Greece,Europe,10718565,4639,82.1658496263259,144738,306,55.1379778916301,5263,43.28004728244873,1350.348670740906,2.854859769008258,49.10172210552439
2021-01-11,Greece,Europe,10718565,3869,79.3762971069355,148607,206,47.7675882919029,5469,36.09624982448677,1386.444920565393,1.92189906018203,51.023621165706416
2021-01-18,Greece,Europe,10718565,3373,67.5650145331954,151980,177,35.7323951480445,5646,31.468764708708676,1417.9136852741017,1.651340454622424,52.674961620328844
2021-01-25,Greece,Europe,10718565,4977,77.9022191869901,156957,150,30.5078151786177,5796,46.43345447828138,1464.3471397523829,1.3994410632393424,54.07440268356819
2021-02-01,Greece,Europe,10718565,6989,111.638078418147,163946,176,30.414519107735,5972,65.20462393986509,1529.551763692248,1.6420108475341615,55.71641353110235
2021-02-08,Greece,Europe,10718565,8182,141.539469136027,172128,154,30.7877033912655,6126,76.334845196162,1605.8866088884101,1.4367594915923914,57.15317302269474
2019-12-30,Ireland,Europe,4964440,0,NA,0,0,NA,0,0,0,0,0
2020-01-06,Ireland,Europe,4964440,0,0,0,0,0,0,0,0,0,0
2020-01-13,Ireland,Europe,4964440,0,0,0,0,0,0,0,0,0,0
2020-01-20,Ireland,Europe,4964440,0,0,0,0,0,0,0,0,0,0
2020-01-27,Ireland,Europe,4964440,0,0,0,0,0,0,0,0,0,0
2020-02-03,Ireland,Europe,4964440,0,0,0,0,0,0,0,0,0,0
2020-02-10,Ireland,Europe,4964440,0,0,0,0,0,0,0,0,0,0
2020-02-17,Ireland,Europe,4964440,0,0,0,0,0,0,0,0,0,0
2020-02-24,Ireland,Europe,4964440,1,0.0201432588569909,1,0,0,0,0.02014325885699092,0.02014325885699092,0,0
2020-03-02,Ireland,Europe,4964440,20,0.423008435996809,21,0,0,0,0.4028651771398184,0.4230084359968093,0,0
2020-03-09,Ireland,Europe,4964440,148,3.38406748797448,169,2,0.402865177139818,2,2.9812023108346564,3.4042107468314655,0.04028651771398184,0.04028651771398184
2020-03-16,Ireland,Europe,4964440,737,17.826784088437,906,2,0.805730354279637,4,14.845581777602309,18.249792524433772,0.04028651771398184,0.08057303542796368
2020-03-23,Ireland,Europe,4964440,1709,49.2704111641998,2615,42,8.863033897076,46,34.42482938659748,52.67462191103126,0.8460168719936186,0.9265899074215823
2020-03-30,Ireland,Europe,4964440,2496,84.7024034936468,5111,112,31.020618639766,158,50.27757410704934,102.9521960180806,2.256044991982983,3.1826348994045652
2020-04-06,Ireland,Europe,4964440,4544,141.808542353216,9655,176,58.0125855081339,334,91.53096824616674,194.48316426424734,3.545213558830402,6.727848458234967
2020-04-13,Ireland,Europe,4964440,5596,204.252644809888,15251,276,91.047530033599,610,112.72167656372119,307.20484082796855,5.559539444529494,12.287387902764461
2020-04-20,Ireland,Europe,4964440,4011,193.516287839112,19262,477,151.678739193142,1087,80.79461127539058,387.9994521033591,9.60833447478467,21.89572237754913
2020-04-27,Ireland,Europe,4964440,2244,125.996084150478,21506,216,139.592783878947,1303,45.201472875087624,433.2009249784467,4.350943913110039,26.24666629065917
2020-05-04,Ireland,Europe,4964440,1490,75.2149285720041,22996,155,74.7314903594363,1458,30.01345569691647,463.2143806753632,3.1222051228335927,29.368871413492762
2020-05-11,Ireland,Europe,4964440,1116,52.4933325813183,24112,85,48.3438212567782,1543,22.479876884401868,485.69425755976505,1.7121770028442282,31.08104841633699
2020-05-18,Ireland,Europe,4964440,527,33.0953743020361,24639,63,29.8120231083466,1606,10.615497417634215,496.3097549773993,1.269025307990428,32.350073724327416
2020-05-25,Ireland,Europe,4964440,351,17.685781276438,24990,44,21.5532869769803,1650,7.070283858803813,503.3800388362031,0.8863033897076005,33.236377114035015
2020-06-01,Ireland,Europe,4964440,211,11.3205114776289,25201,29,14.7045789656034,1679,4.250227618825084,507.63026645502816,0.5841545068527367,33.820531620887756
2020-06-08,Ireland,Europe,4964440,102,6.30484002223816,25303,27,11.2802249599149,1706,2.0546124034130737,509.68487885844127,0.5438679891387549,34.36439961002651
2020-06-15,Ireland,Europe,4964440,76,3.58550007654438,25379,9,7.25157318851673,1715,1.53088767313131,511.21576653157257,0.18128932971291828,34.54568893973943
2020-06-22,Ireland,Europe,4964440,60,2.73948320455077,25439,20,5.84154506852737,1735,1.2085955314194552,512.424362062992,0.4028651771398184,34.948554116879244
2020-06-29,Ireland,Europe,4964440,88,2.98120231083466,25527,6,5.23724730281764,1741,1.772606779415201,514.1969688424073,0.12085955314194552,35.06941367002119
2020-07-06,Ireland,Europe,4964440,101,3.80707592397128,25628,5,2.215758474269,1746,2.034469144556083,516.2314379869633,0.1007162942849546,35.17012996430615
2020-07-13,Ireland,Europe,4964440,132,4.69337931367888,25760,7,2.41719106283891,1753,2.6589101691228016,518.8903481560861,0.14100281199893644,35.31113277630509
2020-07-20,Ireland,Europe,4964440,121,5.0962444908187,25881,10,3.42435400568846,1763,2.4373343216959014,521.327682477782,0.2014325885699092,35.512565364874995
2020-07-27,Ireland,Europe,4964440,281,8.09759006051035,26162,0,2.01432588569909,1763,5.660255738814449,526.9879382165965,0,35.512565364874995
2020-08-03,Ireland,Europe,4964440,550,16.7390481101595,26712,9,1.81289329712918,1772,11.078792371345006,538.0667305879415,0.18128932971291828,35.69385469458791
2020-08-10,Ireland,Europe,4964440,545,22.0568684484051,27257,2,2.215758474269,1774,10.978076077060052,549.0448066650015,0.04028651771398184,35.73414121230189
2020-08-17,Ireland,Europe,4964440,712,25.3200763832376,27969,3,1.00716294284955,1777,14.342000306177535,563.386806971179,0.06042977657097276,35.79457098887286
2020-08-24,Ireland,Europe,4964440,791,30.2753180620574,28760,0,0.604297765709728,1777,15.933317755879818,579.3201247270589,0,35.79457098887286
2020-08-31,Ireland,Europe,4964440,912,34.3039698334555,29672,0,0,1777,18.37065207757572,597.6907768046345,0,35.79457098887286
2020-09-07,Ireland,Europe,4964440,1313,44.8187509568048,30985,7,1.41002811998936,1784,26.44809887922908,624.1388756838637,0.14100281199893644,35.9355738008718
2020-09-14,Ireland,Europe,4964440,1948,65.6871671326474,32933,8,3.02148882854864,1792,39.23906825341831,663.377943937282,0.16114607085592736,36.09671987172773
2020-09-21,Ireland,Europe,4964440,2057,80.6737517222486,34990,10,3.62578659425837,1802,41.43468346883032,704.8126274061123,0.2014325885699092,36.298152460297636
2020-09-28,Ireland,Europe,4964440,3042,102.710476911797,38032,8,3.62578659425837,1810,61.27579344296638,766.0884208490787,0.16114607085592736,36.459298531153564
2020-10-05,Ireland,Europe,4964440,4496,151.839885263998,42528,16,4.83438212567782,1826,90.56409182103118,856.6525126701099,0.3222921417118547,36.78159067286542
2020-10-12,Ireland,Europe,4964440,7434,240.309078163902,49962,26,8.46016871993619,1852,149.7449863428705,1006.3974990129803,0.5237247302817639,37.30531540314718
2020-10-19,Ireland,Europe,4964440,7166,294.091579312067,57128,30,11.2802249599149,1882,144.34659296919693,1150.7440919821772,0.6042977657097276,37.909613168856914
2020-10-26,Ireland,Europe,4964440,4874,242.524836638171,62002,33,12.6902530799043,1915,98.17824366897375,1248.9223356511511,0.6647275422807004,38.574340711137616
2020-11-02,Ireland,Europe,4964440,3392,166.504177711887,65394,32,13.0931182570441,1947,68.3259340429132,1317.2482696940642,0.6445842834237094,39.21892499456132
2020-11-09,Ireland,Europe,4964440,2509,118.865370515103,67903,32,12.8916856684742,1979,50.53943647219022,1367.7877061662546,0.6445842834237094,39.86350927798503
2020-11-16,Ireland,Europe,4964440,2558,102.065892628373,70461,43,15.1074441427432,2022,51.526456156182775,1419.3141623224371,0.8661601308506096,40.72966940883564
2020-11-23,Ireland,Europe,4964440,1780,87.3814569216266,72241,30,14.7045789656034,2052,35.85500076544384,1455.169163087881,0.6042977657097276,41.33396717454537
2020-11-30,Ireland,Europe,4964440,2005,76.2422347737106,74246,45,15.1074441427432,2097,40.387234008266795,1495.556397096148,0.9064466485645915,42.24041382310996
2020-12-07,Ireland,Europe,4964440,1939,79.4450129319722,76185,27,14.5031463770335,2124,39.05777892370539,1534.6141760198532,0.5438679891387549,42.784281812248715
2020-12-14,Ireland,Europe,4964440,3357,106.678698906624,79542,34,12.2873879027645,2158,67.62091998291852,1602.2350960027718,0.6848708011376913,43.469152613386406
2020-12-21,Ireland,Europe,4964440,6587,200.304566073918,86129,46,16.1146070855927,2204,132.6836460909992,1734.918742093771,0.9265899074215823,44.395742520807985
2020-12-28,Ireland,Europe,4964440,15758,450.101119159462,101887,55,20.3446914455608,2259,317.4174730684629,2052.336215162234,1.1078792371345005,45.50362175794249
2021-01-04,Ireland,Europe,4964440,45726,1238.48812756323,147613,85,28.2005623997873,2344,921.0706544947668,2973.4068696570007,1.7121770028442282,47.21579876078672
2021-01-11,Ireland,Europe,4964440,25113,1426.92831417038,172726,264,70.2999734108983,2608,505.857659675613,3479.2645293326136,5.317820338245603,52.53361909903232
2021-01-18,Ireland,Europe,4964440,14828,804.541902007074,187554,362,126.096800444763,2970,298.68424233146135,3777.948771664075,7.2918597062307136,59.82547880526303
2021-01-25,Ireland,Europe,4964440,8993,479.832569232381,196547,337,140.801379410367,3307,181.14832690091936,3959.0970985649947,6.78827823480594,66.61375704006898
2021-02-01,Ireland,Europe,4964440,7021,322.574147335853,203568,379,144.225733416055,3686,141.42582043493326,4100.522918999928,7.634295106799559,74.24805214686853
2021-02-08,Ireland,Europe,4964440,6014,262.567379200877,209582,262,129.118289273312,3948,121.1415587659434,4221.664477765871,5.277533820531621,79.52558596740015
2019-12-30,Italy,Europe,59641488,0,NA,0,0,NA,0,0,0,0,0
2020-01-06,Italy,Europe,59641488,0,0,0,0,0,0,0,0,0,0
2020-01-13,Italy,Europe,59641488,0,0,0,0,0,0,0,0,0,0
2020-01-20,Italy,Europe,59641488,0,0,0,0,0,0,0,0,0,0
2020-01-27,Italy,Europe,59641488,3,0.00503005558815032,3,0,0,0,0.005030055588150315,0.005030055588150315,0,0
2020-02-03,Italy,Europe,59641488,0,0.00503005558815032,3,0,0,0,0,0.005030055588150315,0,0
2020-02-10,Italy,Europe,59641488,0,0,3,0,0,0,0,0.005030055588150315,0,0
2020-02-17,Italy,Europe,59641488,129,0.216292390290464,132,2,0.0335337039210021,2,0.21629239029046357,0.22132244587861388,0.0033533703921002104,0.0033533703921002104
2020-02-24,Italy,Europe,59641488,1557,2.82689124054048,1689,33,0.586839818617537,35,2.610598850250014,2.8319212961286278,0.05533061146965347,0.05868398186175368
2020-03-02,Italy,Europe,59641488,5686,12.1442308749909,7375,331,6.10313411362238,366,9.533632024740898,12.365553320869525,0.5549827998925848,0.6136667817543385
2020-03-09,Italy,Europe,59641488,16605,37.3749897051529,23980,1445,29.7779290818499,1811,27.841357680411996,40.20691100128152,2.422810108292402,3.0364768900467403
2020-03-16,Italy,Europe,59641488,35158,86.7902558031416,59138,3665,85.6786135181604,5476,58.948898122729595,99.15580912401111,6.1450512435236355,9.181528133570376
2020-03-23,Italy,Europe,59641488,38551,123.586789115657,97689,5305,150.398662085694,10781,64.63789099292761,163.7937001169387,8.894814965045807,18.076343098616185
2020-03-30,Italy,Europe,59641488,31259,117.049393536258,128948,5108,174.593229464698,15889,52.411502543330236,216.20520266026895,8.564507981423937,26.64085108004012
2020-04-06,Italy,Europe,59641488,27415,98.3778271930439,156363,4012,152.91368987977,19901,45.966324649713634,262.1715273099826,6.726861006553022,33.367712086593144
2020-04-13,Italy,Europe,59641488,22609,83.8745002472105,178972,3759,130.295206585054,23660,37.90817559749683,300.07970290747943,6.302659651952346,39.67037173854549
2020-04-20,Italy,Europe,59641488,18703,69.267218819222,197675,2984,113.058882769659,26644,31.359043221725116,331.43874612920456,5.003228625013514,44.673600363559004
2020-04-27,Italy,Europe,59641488,13042,53.2263715486106,210717,2240,87.5900346416575,28884,21.86732832688547,353.30607445609,3.7557748391522354,48.429375202711235
2020-05-04,Italy,Europe,59641488,8353,35.872679769492,219070,1676,65.6589922773221,30560,14.005351442606528,367.31142589869654,2.8101243885799763,51.239499591291214
2020-05-11,Italy,Europe,59641488,6365,24.6774527154655,225435,1348,50.7029603285552,31908,10.672101272858919,377.98352717155547,2.260171644275542,53.49967123556676
2020-05-18,Italy,Europe,59641488,4423,18.0880798949885,229858,877,37.3062456121148,32785,7.415978622129615,385.3995057936851,1.4704529169359422,54.9701241525027
2020-05-25,Italy,Europe,59641488,3161,12.715980526844,233019,630,25.2676459044751,33415,5.3000019047143825,390.69950769839943,1.0563116735115663,56.026435826014264
2020-06-01,Italy,Europe,59641488,1979,8.61816190769754,234998,484,18.6782730839982,33899,3.318160002983158,394.0176677013826,0.8115156348882508,56.83795146090252
2020-06-08,Italy,Europe,59641488,1991,6.65644022831892,236989,446,15.593172323266,34345,3.3382802253357595,397.3559479267184,0.7478015974383468,57.58575305834086
2020-06-15,Italy,Europe,59641488,1510,5.87007487137142,238499,289,12.3236361909683,34634,2.531794646035659,399.887742572754,0.4845620216584804,58.07031507999934
2020-06-22,Italy,Europe,59641488,1811,5.5682715360824,240310,104,6.58937282047691,34738,3.0364768900467403,402.92421946280075,0.17437526038921095,58.24469034038855
2020-06-29,Italy,Europe,59641488,1301,5.21784433010793,241611,123,3.80607539503374,34861,2.181367440061187,405.10558690286194,0.20623227911416292,58.45092261950271
2020-07-06,Italy,Europe,59641488,1450,4.61256097433384,243061,93,3.62164002346823,34954,2.4311935342726523,407.5367804371346,0.15593172323265977,58.606854342735375
2020-07-13,Italy,Europe,59641488,1373,4.73328230844945,244434,91,3.08510076073219,35045,2.3020887741767946,409.8388692113114,0.15257835284055957,58.75943269557593
2020-07-20,Italy,Europe,59641488,1684,5.12562664432517,246118,62,2.56532834995666,35107,2.823537870148377,412.6624070814598,0.10395448215510653,58.86338717773104
2020-07-27,Italy,Europe,59641488,1952,6.09642737283818,248070,47,1.82758686369462,35154,3.272889502689805,415.93529658414957,0.07880420421435494,58.9421913819454
2020-08-03,Italy,Europe,59641488,2496,7.45789575203087,250566,51,1.6431514921291,35205,4.185006249341062,420.12030283349065,0.08551094499855537,59.02770232694395
2020-08-10,Italy,Europe,59641488,3349,9.80022497091287,253915,191,4.05757817444125,35396,5.615218721571802,425.73552155506246,0.3202468724455701,59.347949199389525
2020-08-17,Italy,Europe,59641488,5430,14.7196193361239,259345,41,3.88990965483624,35437,9.104400614552072,434.8399221696145,0.06874409303805432,59.416693292427574
2020-08-24,Italy,Europe,59641488,8873,23.9816283591047,268218,40,1.35811500880059,35477,14.877227744552583,449.7171499141671,0.06706740784200421,59.48376070026958
2020-08-31,Italy,Europe,59641488,9416,30.6648955505604,277634,64,1.74375260389211,35541,15.78766780600779,465.5048177201749,0.10730785254720673,59.591068552816786
2020-09-07,Italy,Europe,59641488,10119,32.7540453048388,287753,69,2.22999131074664,35610,16.966377498831015,482.4711952190059,0.11569127852745725,59.70675983134424
2020-09-14,Italy,Europe,59641488,10403,34.4089335933403,298156,97,2.78329742544318,35707,17.442556094509243,499.91375131351515,0.1626384640168602,59.8693982953611
2020-09-21,Italy,Europe,59641488,11714,37.0832464810402,309870,128,3.77254169111274,35835,19.64069038653093,519.554441700046,0.21461570509441347,60.08401400045552
2020-09-28,Italy,Europe,59641488,15459,45.5605668322695,325329,151,4.67795169697979,35986,25.919876445738577,545.4743181457847,0.2531794646035659,60.33719346505908
2020-10-05,Italy,Europe,59641488,29621,75.5849686379387,354950,180,5.54982799892585,36166,49.66509219220016,595.1394103379848,0.3018033352890189,60.6389968003481
2020-10-12,Italy,Europe,59641488,59291,149.077434151207,414241,377,9.33913654199909,36543,99.41234195900678,694.5517522969916,0.6321103189108896,61.27110711925899
2020-10-19,Italy,Europe,59641488,111541,286.431485411632,525782,795,19.6507504977072,37338,187.01914345262477,881.5708957496164,1.3329647308598336,62.60407185011883
2020-10-26,Italy,Europe,59641488,183553,494.77974124321,709335,1488,38.2787230258239,38826,307.76059779058494,1189.3314935402013,2.4949075717225564,65.09897942184138
2020-11-02,Italy,Europe,59641488,225769,686.304137817621,935104,2568,68.0063515517923,41394,378.5435400270362,1567.8750335672376,4.30572758345667,69.40470700529805
2020-11-09,Italy,Europe,59641488,243425,786.690633875533,1178529,3835,107.358153103088,45229,408.14709384849687,1976.0221274157343,6.430087726852153,75.8347947321502
2020-11-16,Italy,Europe,59641488,230339,794.353085221482,1408868,4594,141.327795175063,49823,386.2059913729852,2362.2281187887197,7.702691790654183,83.53748652280439
2020-11-23,Italy,Europe,59641488,176310,681.822358288579,1585178,5081,162.219292717848,54904,295.61636691559403,2657.8444857043137,8.519237481130585,92.05672400393497
2020-11-30,Italy,Europe,59641488,143700,536.556029587994,1728878,5174,171.944066854938,60078,240.93966267240012,2898.784148376714,8.675169204363245,100.73189320829822
2020-12-07,Italy,Europe,59641488,114834,433.480130475618,1843712,4442,161.230048452178,64520,192.54046780321778,3091.3246161799316,7.447835640854567,108.17972884915278
2020-12-14,Italy,Europe,59641488,109473,376.092226270411,1953185,4279,146.22371594753,68799,183.55175846719317,3274.8763746471245,7.1745359538984,115.35426480305118
2020-12-21,Italy,Europe,59641488,94511,342.016953031085,2047696,3126,124.15853876751,71925,158.4651945638915,3433.341569211016,5.2413179228526285,120.59558272590381
2020-12-28,Italy,Europe,59641488,107750,339.12802443829,2155446,3407,109.537843857953,75332,180.66282987439882,3614.004399085415,5.712466462942708,126.30804918884652
2021-01-04,Italy,Europe,59641488,121045,383.617189430284,2276491,3423,114.517598890222,78755,202.95435955588496,3816.9587586413,5.73929342607951,132.04734261492604
2021-01-11,Italy,Europe,59641488,104786,378.647494509191,2381277,3422,114.76910166963,82177,175.69313495330633,3992.651893594606,5.7376167408834595,137.7849593558095
2021-01-18,Italy,Europe,59641488,85536,319.110079882648,2466813,3284,112.43850924712,85461,143.41694492934178,4136.068838523948,5.506234183828545,143.29119353963804
2021-01-25,Italy,Europe,59641488,86219,287.979065847586,2553032,3055,106.285074577616,88516,144.562120918244,4280.630959442192,5.122273273933072,148.41346681357112
2021-02-01,Italy,Europe,59641488,83706,284.910731938814,2636738,2757,97.4489435944321,91273,140.3486110205701,4420.979570462762,4.62262108551014,153.03608789908125
2021-02-08,Italy,Europe,59641488,85141,283.103265297472,2721879,2304,84.8570377720958,93577,142.75465427690202,4563.734224739665,3.863082691699442,156.8991705907807
2019-12-30,Netherlands,Europe,17407585,0,NA,0,0,NA,0,0,0,0,0
2020-01-06,Netherlands,Europe,17407585,0,0,0,0,0,0,0,0,0,0
2020-01-13,Netherlands,Europe,17407585,0,0,0,0,0,0,0,0,0,0
2020-01-20,Netherlands,Europe,17407585,0,0,0,0,0,0,0,0,0,0
2020-01-27,Netherlands,Europe,17407585,0,0,0,0,0,0,0,0,0,0
2020-02-03,Netherlands,Europe,17407585,0,0,0,0,0,0,0,0,0,0
2020-02-10,Netherlands,Europe,17407585,0,0,0,0,0,0,0,0,0,0
2020-02-17,Netherlands,Europe,17407585,0,0,0,0,0,0,0,0,0,0
2020-02-24,Netherlands,Europe,17407585,13,0.0746800891680265,13,0,0,0,0.07468008916802646,0.07468008916802646,0,0
2020-03-02,Netherlands,Europe,17407585,252,1.522324894579,265,3,0.17233866731083,3,1.4476448054109745,1.522324894579001,0.01723386673108303,0.01723386673108303
2020-03-09,Netherlands,Europe,17407585,870,6.44546615742505,1135,17,1.14892444873887,20,4.997821352014079,6.52014624659308,0.09765857814280383,0.11489244487388688
2020-03-16,Netherlands,Europe,17407585,3069,22.628067017912,4204,159,10.110535148902,179,17.63024566589794,24.15039191249102,0.9133949367474006,1.0282873816212874
2020-03-23,Netherlands,Europe,17407585,6662,55.9009190533897,10866,592,43.1421130501445,771,38.27067338749172,62.421065299982736,3.4008163682670514,4.4291037498883385
2020-03-30,Netherlands,Europe,17407585,6985,78.3968597596967,17851,995,91.1671550074292,1766,40.12618637220499,102.54725167218773,5.7158991324758714,10.14500288236421
2020-04-06,Netherlands,Europe,17407585,7736,84.5665840494244,25587,971,112.939273311031,2737,44.440397677219444,146.98764934940718,5.578028198627208,15.723031080991419
2020-04-13,Netherlands,Europe,17407585,7068,85.0433876956511,32655,947,110.181854634058,3684,40.60299001843162,187.59063936783878,5.440157264778543,21.16318834576996
2020-04-20,Netherlands,Europe,17407585,5190,70.4175794632053,37845,791,99.8415345954077,4475,29.81458944477364,217.40522881261242,4.543996194762226,25.707184540532186
2020-04-27,Netherlands,Europe,17407585,2726,45.4744296810844,40571,581,78.8162171834864,5056,15.65984023631078,233.06506904892322,3.3376255235864134,29.0448100641186
2020-05-04,Netherlands,Europe,17407585,2056,27.4707835693464,42627,384,55.4356046516504,5440,11.81094333303557,244.8760123819588,2.205934941578628,31.25074500569723
2020-05-11,Netherlands,Europe,17407585,1368,19.6695865624094,43995,240,35.8464428006527,5680,7.858643229373862,252.73465561133264,1.3787093384866425,32.62945434418387
2020-05-18,Netherlands,Europe,17407585,1241,14.9877194337985,45236,142,21.944456970912402,5822,7.12907620442468,259.8637318157573,0.8157363586045968,33.445190702788466
2020-05-25,Netherlands,Europe,17407585,1206,14.0570906303201,46442,134,15.8551573925964,5956,6.928014425895379,266.7917462416527,0.769779380655042,34.21497008344351
2020-06-01,Netherlands,Europe,17407585,1132,13.4309268057574,47574,57,10.972228485456201,6013,6.502912379861997,273.2946586215147,0.3274434678905776,34.542413551334086
2020-06-08,Netherlands,Europe,17407585,1209,13.4481606724885,48783,46,5.91696091100517,6059,6.945248292626461,280.23990691414116,0.2642526232099398,34.80666617454403
2020-06-15,Netherlands,Europe,17407585,810,11.5983923100189,49593,31,4.42335912764464,6090,4.653144017392418,284.8930509315336,0.17808328955452465,34.98474946409855
2020-06-22,Netherlands,Europe,17407585,554,7.83566474039909,50147,15,2.6425262320994,6105,3.1825207230066663,288.0755716545402,0.08616933365541515,35.07091879775397
2020-06-29,Netherlands,Europe,17407585,474,5.90547166651779,50621,22,2.12551023016691,6127,2.722950943511119,290.79852259805136,0.12638168936127556,35.19730048711524
2020-07-06,Netherlands,Europe,17407585,401,5.02654446323255,51022,8,1.7233866731083,6135,2.303593519721432,293.10211611777277,0.04595697794955475,35.2432574650648
2020-07-13,Netherlands,Europe,17407585,703,6.34206295703856,51725,1,0.517016001932491,6136,4.038469437317123,297.1405855550899,0.005744622243694344,35.24900208730849
2020-07-20,Netherlands,Europe,17407585,1221,11.0526531968679,52946,4,0.287231112184717,6140,7.014183759550793,304.1547693146407,0.022978488974777375,35.27198057628327
2020-07-27,Netherlands,Europe,17407585,2097,19.0606566045778,55043,0,0.229784889747774,6140,12.046472845027038,316.20124215966774,0,35.27198057628327
2020-08-03,Netherlands,Europe,17407585,3521,32.2732877650748,58564,8,0.459569779495548,6148,20.226814920047783,336.42805707971553,0.04595697794955475,35.31793755423283
2020-08-10,Netherlands,Europe,17407585,4379,45.3825157251853,62943,15,1.3212631160497,6163,25.15570080513753,361.58375788485307,0.08616933365541515,35.40410688788824
2020-08-17,Netherlands,Europe,17407585,3547,45.5318759035214,66490,28,2.47018756478857,6191,20.376175098383836,381.9599329832369,0.1608494228234416,35.56495631071168
2020-08-24,Netherlands,Europe,17407585,3581,40.9476673530533,70071,24,2.98720356672106,6215,20.571492254669444,402.5314252379063,0.13787093384866425,35.702827244560346
2020-08-31,Netherlands,Europe,17407585,4644,47.249517954386,74715,19,2.47018756478857,6234,26.67802569971653,429.2094509376229,0.10914782263019253,35.81197506719054
2020-09-07,Netherlands,Europe,17407585,7308,68.6597250566348,82023,11,1.7233866731083,6245,41.98169935691826,471.19115029454116,0.06319084468063778,35.87516591187118
2020-09-14,Netherlands,Europe,17407585,11661,108.969739340638,93684,25,2.06806400772996,6270,66.98803998371974,538.1791902782609,0.1436155560923586,36.018781467963535
2020-09-21,Netherlands,Europe,17407585,17826,169.391676099815,111510,95,6.89354669243321,6365,102.40363611609537,640.5828263943563,0.5457391131509627,36.56452058111449
2020-09-28,Netherlands,Europe,17407585,24239,241.647534681003,135749,80,10.0530889264651,6445,139.2438985649072,779.8267249592634,0.4595697794955475,37.024090360610046
2020-10-05,Netherlands,Europe,17407585,38701,361.566524018122,174450,130,12.0637067117581,6575,222.32262545321478,1002.1493504124783,0.7468008916802646,37.77089125229031
2020-10-12,Netherlands,Europe,17407585,53784,531.291388208071,228234,176,17.5785440657047,6751,308.9687627548566,1311.1181131673347,1.0110535148902045,38.78194476718051
2020-10-19,Netherlands,Europe,17407585,62691,669.104875834299,290925,285,26.4827085434309,7036,360.1361130794421,1671.2542262467769,1.637217339452888,40.4191621066334
2020-10-26,Netherlands,Europe,17407585,68512,753.711672239429,359437,388,38.6613077000629,7424,393.5755591599869,2064.8297854067637,2.2289134305534053,42.648075537186806
2020-11-02,Netherlands,Europe,17407585,50136,681.587939969847,409573,570,55.0334810945918,7994,288.0123808098596,2352.8421662166234,3.274434678905776,45.92251021609258
2020-11-09,Netherlands,Europe,17407585,37762,504.940805976245,447335,481,60.3759797812276,8475,216.9284251663858,2569.770591383009,2.7631632992169792,48.68567351530956
2020-11-16,Netherlands,Europe,17407585,36725,427.899677066061,484060,404,50.8399068566949,8879,210.97125189967477,2780.741843282684,2.320827386452515,51.006500901762074
2020-11-23,Netherlands,Europe,17407585,34213,407.512012723189,518273,457,49.4611975182083,9336,196.54076082351457,2977.2826041061985,2.625292365368315,53.63179326713039
2020-11-30,Netherlands,Europe,17407585,38280,416.444900312134,556553,338,45.66974683737,9674,219.90413948861948,3197.186743594818,1.9416823183686882,55.57347558549908
2020-12-07,Netherlands,Europe,17407585,56193,542.711697228536,612746,360,40.0974632609865,10034,322.80755773991626,3519.9943013347342,2.0680640077299635,57.64153959322904
2020-12-14,Netherlands,Europe,17407585,76154,760.283520086215,688900,443,46.1293166168656,10477,437.475962346299,3957.4702636810334,2.544867653956594,60.186407247185635
2020-12-21,Netherlands,Europe,17407585,80594,900.458047454601,769494,551,57.1015451023218,11028,462.98208510830193,4420.452348789335,3.1652868562755834,63.35169410346122
2020-12-28,Netherlands,Europe,17407585,50699,754.228688241361,820193,570,64.3972153518136,11598,291.2466031330595,4711.698951922394,3.274434678905776,66.62612878236699
2021-01-04,Netherlands,Europe,17407585,57026,618.839431201973,877219,799,78.6438785161756,12397,327.5928280689136,5039.291779991308,4.58995317271178,71.21608195507878
2021-01-11,Netherlands,Europe,17407585,38967,551.443523038951,916186,645,82.9523451989463,13042,223.8506949700375,5263.142474961346,3.7052813471828516,74.921363302261625
2021-01-18,Netherlands,Europe,17407585,35590,428.301800623119,951776,522,67.039741583913,13564,204.4511056530817,5467.593580614427,2.998692811208447,77.92005611347008
2021-01-25,Netherlands,Europe,17407585,28671,369.155170002042,980447,445,55.5504970965243,14009,164.70406434896051,5632.297644963388,2.556356898443983,80.47641301191406
2021-02-01,Netherlands,Europe,17407585,26270,315.615290690811,1006717,403,48.714396626528,14412,150.9112263418504,5783.208871305238,2.3150827642088205,82.79149577612287
2021-02-08,Netherlands,Europe,17407585,24069,289.17853912533,1030786,414,46.9335637309828,14826,138.26731278347916,5921.476184088718,2.378273608889458,85.16976938501233
2019-12-30,Russia,Europe,145934460,0,NA,0,0,NA,0,0,0,0,0
2020-01-06,Russia,Europe,145934460,0,0,0,0,0,0,0,0,0,0
2020-01-13,Russia,Europe,145934460,0,0,0,0,0,0,0,0,0,0
2020-01-20,Russia,Europe,145934460,0,0,0,0,0,0,0,0,0,0
2020-01-27,Russia,Europe,145934460,2,0.00137047822700684,2,0,0,0,0.001370478227006836,0.001370478227006836,0,0
2020-02-03,Russia,Europe,145934460,0,0.00137047822700684,2,0,0,0,0,0.001370478227006836,0,0
2020-02-10,Russia,Europe,145934460,0,0,2,0,0,0,0,0.001370478227006836,0,0
2020-02-17,Russia,Europe,145934460,0,0,2,0,0,0,0,0.001370478227006836,0,0
2020-02-24,Russia,Europe,145934460,0,0,2,0,0,0,0,0.001370478227006836,0,0
2020-03-02,Russia,Europe,145934460,8,0.00548191290802734,10,0,0,0,0.005481912908027344,0.006852391135034179,0,0
2020-03-09,Russia,Europe,145934460,53,0.0417995859237085,63,0,0,0,0.03631767301568115,0.04317006415071533,0,0
2020-03-16,Russia,Europe,145934460,304,0.24463036352072,367,0,0,0,0.20831269050503906,0.25148275465575437,0,0
2020-03-23,Russia,Europe,145934460,1167,1.00798673596353,1534,8,0.0548191290802734,8,0.7996740454584887,1.051156800114243,0.005481912908027344,0.005481912908027344
2020-03-30,Russia,Europe,145934460,3855,3.44127082801417,5389,37,0.308357601076538,45,2.641596782555676,3.692753582669919,0.025353847199626463,0.030835760107653806
2020-04-06,Russia,Europe,145934460,10381,9.75506401983466,15770,85,0.83599171847417,130,7.113467237278981,10.806220819948901,0.058245324647790524,0.08908108475544434
2020-04-13,Russia,Europe,145934460,27083,25.6717981482921,42853,231,2.1653555986708,361,18.55833091101307,29.36455173096197,0.15829023521928956,0.24737131997473388
2020-04-20,Russia,Europe,145934460,38096,44.6632001790393,80949,386,4.22792533031609,747,26.10486926802621,55.46942099898818,0.2645022978123193,0.5118736177870532
2020-04-27,Russia,Europe,145934460,53738,62.9282487494729,134687,533,6.29734745309641,1280,36.82337948144667,92.29280048043485,0.36523244749732175,0.877106065284375
2020-05-04,Russia,Europe,145934460,75001,88.2169982333165,209688,635,8.00359284571992,1915,51.39361875186985,143.6864192323047,0.4351268370746704,1.3122329023590453
2020-05-11,Russia,Europe,145934460,72064,100.77469022738,281752,716,9.25758042343118,2631,49.38107147551031,193.067490707815,0.4906312052684473,1.8028641076274927
2020-05-18,Russia,Europe,145934460,62729,92.3654358264662,344481,910,11.1419879855656,3541,42.98436435095591,236.0518550587709,0.6235675932881103,2.426431700915603
2020-05-25,Russia,Europe,145934460,61362,85.0320068337526,405843,1152,14.1296305204405,4693,42.04764248279673,278.09949754156764,0.7893954587559375,3.2158271596715404
2020-06-01,Russia,Europe,145934460,61830,84.4159768707131,467673,1166,15.8838426510092,5859,42.368334387916335,320.46783192948396,0.7989888063449854,4.014815966016526
2020-06-08,Russia,Europe,145934460,61291,84.3673248936543,528964,1089,15.4521420095021,6948,41.99899050573799,362.46682243522196,0.7462253946052222,4.761041360621748
2020-06-15,Russia,Europe,145934460,55716,80.1777729536944,584680,1163,15.431584836097,8111,38.178782447956436,400.6456048831784,0.7969330890044751,5.557974449626223
2020-06-22,Russia,Europe,145934460,49757,72.274225018546,634437,962,14.5613311619476,9073,34.09544257058957,434.741047453768,0.659200027190288,6.217174476816511
2020-06-29,Russia,Europe,145934460,46814,66.1742264301386,681251,1088,14.0474018268201,10161,32.078783859549006,466.81983131331697,0.7455401554917187,6.96271463230823
2020-07-06,Russia,Europe,145934460,45911,63.5387967996044,727162,1174,15.5001087474473,11335,31.46001294005542,498.2798442533724,0.8044707192530127,7.767185351561243
2020-07-13,Russia,Europe,145934460,44384,61.8736657537911,771546,1007,14.9450650655095,12342,30.413652813735702,528.6934970671081,0.6900357872979419,8.457221138859184
2020-07-20,Russia,Europe,145934460,40939,58.4666568814521,812485,927,13.2525244551561,13269,28.053004067716426,556.7465011348245,0.6352166582176685,9.092437797076853
2020-07-27,Russia,Europe,145934460,38385,54.3559074395451,850870,859,12.238370567171,14128,26.302903371828698,583.0494045066532,0.588620398499436,9.68105819557629
2020-08-03,Russia,Europe,145934460,36666,51.427880707545,887536,803,11.3886740664268,14931,25.124977335716324,608.1743818423696,0.5502470081432446,10.231305203719533
2020-08-10,Russia,Europe,145934460,35317,49.3255671073165,922853,754,10.6691729972482,15685,24.20058977160021,632.3749716139698,0.5166702915815772,10.74797549530111
2020-08-17,Russia,Europe,145934460,33896,47.4274547629121,956749,698,9.94967192806963,16383,23.226864991311857,655.6018366052816,0.4782969012253857,11.226272396526497
2020-08-24,Russia,Europe,145934460,33577,46.2351387054161,990326,710,9.64816671812812,17093,23.008273714104263,678.6101103193859,0.48651977058742674,11.712792167113923
2020-08-31,Russia,Europe,145934460,35179,47.114300488041,1025505,727,9.84688606104412,17820,24.10602677393674,702.7161370933226,0.4981688355169849,12.210961002630908
2020-09-07,Russia,Europe,145934460,37306,49.6695571422953,1062811,758,10.1758008355258,18578,25.56353036835851,728.2796674616811,0.5194112480355908,12.730372250666498
2020-09-14,Russia,Europe,145934460,40588,53.3760155072352,1103399,840,10.9501210337846,19418,27.812485138876728,756.0921526005578,0.5756008553428711,13.30597310600937
2020-09-21,Russia,Europe,145934460,48039,60.7306869124674,1151438,906,11.9642749217697,20324,32.918201773590695,789.0103543741485,0.6208266368340967,13.926799742843466
2020-09-28,Russia,Europe,145934460,63563,76.4740555452084,1215001,1034,13.2936388019663,21358,43.555853771617755,832.5662081457663,0.7085372433625342,14.635336986206001
2020-10-05,Russia,Europe,145934460,83717,100.922016636783,1298718,1239,15.5754850499327,22597,57.36616286516564,889.932371010932,0.8490112616307348,15.484348247836735
2020-10-12,Russia,Europe,145934460,100616,126.312181509426,1399334,1590,19.3854145210117,24187,68.9460186442599,958.8783896551919,1.0895301904704346,16.57387843830717
2020-10-19,Russia,Europe,145934460,114543,147.435362422282,1513877,1863,23.661306589273,26050,78.489343778022,1037.367733433214,1.2766004684568677,17.85047890676404
2020-10-26,Russia,Europe,145934460,122904,162.707971784046,1636781,2185,27.7384793146184,28235,84.21862800602408,1121.5863614392379,1.4972474630049681,19.347726369769006
2020-11-02,Russia,Europe,145934460,137553,178.47532378576,1774334,2302,30.7466790228984,30537,94.25669577973565,1215.8430572189736,1.577420439284868,20.925146809053874
2020-11-09,Russia,Europe,145934460,151491,198.064254323482,1925825,2649,33.9261885095542,33186,103.80755854374628,1319.6506157627198,1.8151984116705542,22.74034522072443
2020-11-16,Russia,Europe,145934460,163504,215.846894558009,2089329,2993,38.6611907838628,36179,112.03933601426284,1431.6899517769828,2.05092066671573,24.791265887440158
2020-11-23,Russia,Europe,145934460,179987,235.373468336403,2269316,3348,43.4510121872517,39527,123.33413232213968,1555.0240840991223,2.2941805520094434,27.0854464394496
2020-11-30,Russia,Europe,145934460,191454,254.525901558823,2460770,3614,47.706347082108,43141,131.19176923668337,1686.2158533358058,2.4764541562013527,29.561900595650954
2020-12-07,Russia,Europe,145934460,193158,263.55118592277603,2653928,3800,50.8036278751434,46941,132.3594166860932,1818.575270021899,2.603908631312988,32.165809226963944
2020-12-14,Russia,Europe,145934460,108740,206.872317888455,2762668,2210,41.1828707215554,49151,74.51290120236166,1893.0881712242606,1.5143784408425536,33.68018766780649
2020-12-21,Russia,Europe,145934460,315367,290.614704710594,3078035,6114,57.0393038080245,55265,216.10180350823242,2109.1899747324933,4.189551939959897,37.86973960776639
2020-12-28,Russia,Europe,145934460,182103,340.885901794545,3260138,3723,67.4069715953312,58988,124.78409828631293,2233.974073018806,2.551145219573225,40.42088482733962
2021-01-04,Russia,Europe,145934460,165131,237.938318338246,3425269,3285,48.0215570743195,62273,113.15422005193291,2347.128293070739,2.251010487858728,42.67189531519835
2021-01-11,Russia,Europe,145934460,165797,226.764809353459,3591066,3764,48.3025051108559,66037,113.61058930152619,2460.738882372265,2.5792400232268653,45.251135338425215
2021-01-18,Russia,Europe,145934460,147624,214.768328193355,3738690,3881,52.3865302273363,69918,101.15773889182857,2561.8966212640935,2.659412999506765,47.91054833793198
2021-01-25,Russia,Europe,145934460,129397,189.82562446183,3868087,3701,51.9548295858292,73619,88.66788557000177,2650.5645068340955,2.53606995907615,50.44661829700813
2021-02-01,Russia,Europe,145934460,115110,167.54575992538,3983197,3449,48.9945966154944,77068,78.87787435537844,2729.442381189474,2.3633897024732886,52.810007999481414
2021-02-08,Russia,Europe,145934460,102893,149.384182461086,4086090,3452,47.2883512228709,80520,70.50630810570718,2799.948689295181,2.3654454198137986,55.175453419295216
2019-12-30,Spain,Europe,47332614,0,NA,0,0,NA,0,0,0,0,0
2020-01-06,Spain,Europe,47332614,0,0,0,0,0,0,0,0,0,0
2020-01-13,Spain,Europe,47332614,0,0,0,0,0,0,0,0,0,0
2020-01-20,Spain,Europe,47332614,0,0,0,0,0,0,0,0,0,0
2020-01-27,Spain,Europe,47332614,1,0.00211270816355082,1,0,0,0,0.0021127081635508235,0.0021127081635508235,0,0
2020-02-03,Spain,Europe,47332614,1,0.00422541632710165,2,0,0,0,0.0021127081635508235,0.004225416327101647,0,0
2020-02-10,Spain,Europe,47332614,0,0.00211270816355082,2,0,0,0,0,0.004225416327101647,0,0
2020-02-17,Spain,Europe,47332614,0,0,2,0,0,0,0,0.004225416327101647,0,0
2020-02-24,Spain,Europe,47332614,134,0.28310289391581,136,0,0,0,0.28310289391581034,0.287328310242912,0,0
2020-03-02,Spain,Europe,47332614,1391,3.22187994941501,1527,5,0.105635408177541,5,2.9387770554991954,3.2261053657421073,0.010563540817754118,0.010563540817754118
2020-03-09,Spain,Europe,47332614,9964,23.9898011971196,11491,283,6.08459951102637,288,21.051024141620406,24.277129507362513,0.597896410284883,0.6084599511026372
2020-03-16,Spain,Europe,47332614,29771,83.948458878692,41262,1432,36.2329450048966,1720,62.89743473707156,87.17456424443408,3.0253980902047792,3.6338580413074166
2020-03-23,Spain,Europe,47332614,54860,178.80060458947,96122,4808,131.832989405571,6528,115.90316985239818,203.07773409683224,10.157900850352359,13.791758891659775
2020-03-30,Spain,Europe,47332614,46276,213.670852828876,142398,5890,226.017519336667,12418,97.76768297647791,300.84541707331016,12.44385108331435,26.235609974974125
2020-04-06,Spain,Europe,47332614,32553,166.542671824548,174951,4554,220.651240601248,16972,68.77498884806995,369.6204059213801,9.62127297681045,35.85688295178458
2020-04-13,Spain,Europe,47332614,20519,112.125647655969,195470,3880,178.185806513877,20852,43.35065880789935,412.9710647292795,8.197307674577194,44.05419062636177
2020-04-20,Spain,Europe,47332614,16100,77.3652602410676,211570,2338,131.36819360959,23190,34.01460143316826,446.98566616244773,4.939511686381826,48.993702312743594
2020-04-27,Spain,Europe,47332614,7635,50.1451282618788,219205,2238,96.6775255640857,25428,16.130526828710536,463.11619299115824,4.728240870026743,53.72194318277034
2020-05-04,Spain,Europe,47332614,8565,34.2258722495233,227770,1316,75.0856481325963,26744,18.0953454208128,481.21153841197105,2.780323943232884,56.502267126003225
2020-05-11,Spain,Europe,47332614,3836,26.1996939361938,231606,965,48.1908732105943,27709,8.10434851538096,489.31588692735204,2.0387633778265446,58.54103050382977
2020-05-18,Spain,Europe,47332614,3794,16.1199632878928,235400,-875,1.90143734719574,26834,8.015614772511825,497.33150169986385,-1.8486196431069706,56.692410860722795
2020-05-25,Spain,Europe,47332614,4238,16.9692719696402,239638,293,-12.2959615118658,27127,8.95365719712839,506.28515889699224,0.6190234919203913,57.31143435264319
2020-06-01,Spain,Europe,47332614,2079,13.3459774691506,241717,9,6.38037865392349,27136,4.392320272022162,510.6774791690144,0.019014373471957412,57.330448726115144
2020-06-08,Spain,Europe,47332614,2392,9.44591819923573,244109,0,0.190143734719574,27136,5.05359792721357,515.731077096228,0,57.330448726115144
2020-06-15,Spain,Europe,47332614,2395,10.1135339789178,246504,1188,25.0989729829838,28324,5.059936051704223,520.7910131479322,2.5098972982983785,59.84034602441353
2020-06-22,Spain,Europe,47332614,2466,10.2698743830206,248970,22,25.563768778965,28346,5.209938331316331,526.0009514792486,0.04647957959811812,59.88682560401164
2020-06-29,Spain,Europe,47332614,2819,11.1656626443661,251789,42,1.35213322467253,28388,5.955724313049771,531.9566757922983,0.08873374286913459,59.97555934688078
2020-07-06,Spain,Europe,47332614,4164,14.7530411060754,255953,18,1.26762489813049,28406,8.79731679302563,540.7539925853239,0.038028746943914823,60.013588093824694
2020-07-13,Spain,Europe,47332614,8883,27.5645034098476,264836,16,0.71832077560728,28422,18.767186616821967,559.5211792021458,0.033803330616813176,60.04739142444151
2020-07-20,Spain,Europe,47332614,13946,48.2310146657018,278782,12,0.591558285794231,28434,29.463828048879783,588.9850072510256,0.025352497962609882,60.072743922404115
2020-07-27,Spain,Europe,47332614,18272,68.0672316132804,297054,38,1.05635408177541,28472,38.603403564400644,627.5884108154263,0.0802829102149313,60.15302683261905
2020-08-03,Spain,Europe,47332614,25926,93.3774754126193,322980,104,3.00004559224217,28576,54.77407184821865,682.362482663645,0.21972164900928565,60.372748481628335
2020-08-10,Spain,Europe,47332614,36102,131.047061968731,359082,70,3.67611220457843,28646,76.27299012051184,758.6354727841568,0.14788957144855763,60.52063805307689
2020-08-17,Spain,Europe,47332614,46354,174.205464333747,405436,226,6.25361616411044,28872,97.93247421323487,856.5679469973917,0.47747204496248613,60.998110098039376
2020-08-24,Spain,Europe,47332614,57422,219.24840238065,462858,222,9.46493257270769,29094,121.3159281674154,977.883875164807,0.4690212123082828,61.46713131034766
2020-08-31,Spain,Europe,47332614,62691,253.76371564858,525549,422,13.6058405732673,29516,132.44778748116468,1110.3316626459718,0.8915628450184475,62.35869415536611
2020-09-07,Spain,Europe,47332614,68181,276.494342780223,593730,332,15.9298195531732,29848,144.0465552990587,1254.3782179450304,0.7014191102988734,63.06011326566498
2020-09-14,Spain,Europe,47332614,77738,308.284262517173,671468,815,24.232762635928,30663,164.2377072181139,1418.6159251631443,1.721857153293921,64.7819704189589
2020-09-21,Spain,Europe,47332614,76798,326.48946876249,748266,748,33.0216285962994,31411,162.25176154437614,1580.8676867075205,1.580305706336016,66.36227612529491
2020-09-28,Spain,Europe,47332614,65146,299.886247567058,813412,814,33.0005015146639,32225,137.63448602268195,1718.5021727302023,1.7197444451303703,68.08202057042529
2020-10-05,Spain,Europe,47332614,75556,297.262264027928,888968,899,36.1906908416256,33124,159.62777800524603,1878.1299507354486,1.8993246390321903,69.98134520945747
2020-10-12,Spain,Europe,47332614,85481,340.224184533734,974449,868,37.3315532499431,33992,180.59640652848793,2058.7263572639363,1.8338306859621147,71.81517589541959
2020-10-19,Spain,Europe,47332614,123871,442.299679455692,1098320,1039,40.2893446789142,35031,261.70327292720407,2320.4296301911404,2.1951037819293058,74.0102796773489
2020-10-26,Spain,Europe,47332614,142377,562.50432312908,1240697,1226,47.8528399044262,36257,300.80105020187557,2621.230680393016,2.5901802085133094,76.60045988586221
2020-11-02,Spain,Europe,47332614,140521,597.680914052201,1381218,3088,91.1422301755825,39345,296.87986385032525,2918.1105442433413,6.524042809044943,83.12450269490715
2020-11-09,Spain,Europe,47332614,115646,541.206112132324,1496864,1908,105.550899850999,41253,244.32624828199855,3162.43679252534,4.0310471760549715,87.15554987096212
2020-11-16,Spain,Europe,47332614,85752,425.495198722809,1582616,1878,79.9871310720342,43131,181.16895044081022,3343.60574296615,3.9676659311484466,91.12321580211056
2020-11-23,Spain,Europe,47332614,65571,319.701337433001,1648187,1938,80.6209435210994,45069,138.53238699219105,3482.1381299583413,4.094428420961496,95.21764422307207
2020-11-30,Spain,Europe,47332614,54141,252.916519674996,1702328,1577,74.2616919488115,46646,114.38413268280513,3596.5222626411464,3.3317407739196487,98.54938499699172
2020-12-07,Spain,Europe,47332614,49556,219.08149843573,1751884,1367,62.1981283349362,48013,104.69736575292461,3701.2196283940707,2.8880720595739757,101.43745705656569
2020-12-14,Spain,Europe,47332614,67365,247.019951190526,1819249,1247,55.2261913952185,49260,142.32258543760122,3843.542213831672,2.6345470799478767,104.07200413651357
2020-12-21,Spain,Europe,47332614,60164,269.431559389473,1879413,862,44.5570151692869,50122,127.10897395187175,3970.6511877835437,1.82115443698081,105.89315857349438
2020-12-28,Spain,Europe,47332614,79431,294.923496090877,1958844,956,38.409034413354,51078,167.81452213900545,4138.46570992255,2.0197490043545874,107.91290757784897
2021-01-04,Spain,Europe,47332614,152938,490.927883256141,2111782,1197,45.4866067612492,52275,323.11336111713587,4461.579071039685,2.5289116717703357,110.4418192496193
2021-01-11,Spain,Europe,47332614,224669,797.773391513936,2336451,1494,56.8529766811527,53769,474.6600303968,4936.239101436485,3.1563859963449303,113.59820524596422
2021-01-18,Spain,Europe,47332614,256931,1017.48025156608,2593382,2439,83.0928120724539,56208,542.8202211692766,5479.059322605762,5.152895210900459,118.75110045686469
2021-01-25,Spain,Europe,47332614,229423,1027.5240661756,2822805,2873,112.22705764782,59081,484.7038450063206,5963.763167612083,6.069810553881516,124.8209110107462
2021-02-01,Spain,Europe,47332614,166280,836.004958441552,2989085,3214,128.600545915339,62295,351.30111343523095,6315.064281047314,6.7902440376523465,131.61115504839856
2021-02-08,Spain,Europe,47332614,97201,556.65845964053506,3086286,3154,134.537255854917,65449,205.3573462053036,6520.421627252616,6.6634815478392975,138.27463659623785
2019-12-30,Sweden,Europe,10327589,0,NA,0,0,NA,0,0,0,0,0
2020-01-06,Sweden,Europe,10327589,0,0,0,0,0,0,0,0,0,0
2020-01-13,Sweden,Europe,10327589,0,0,0,0,0,0,0,0,0,0
2020-01-20,Sweden,Europe,10327589,0,0,0,0,0,0,0,0,0,0
2020-01-27,Sweden,Europe,10327589,0,0,0,0,0,0,0,0,0,0
2020-02-03,Sweden,Europe,10327589,1,0.00968280205573634,1,0,0,0,0.009682802055736338,0.009682802055736338,0,0
2020-02-10,Sweden,Europe,10327589,0,0.00968280205573634,1,0,0,0,0,0.009682802055736338,0,0
2020-02-17,Sweden,Europe,10327589,0,0,1,0,0,0,0,0.009682802055736338,0,0
2020-02-24,Sweden,Europe,10327589,13,0.125876426724572,14,0,0,0,0.1258764267245724,0.13555922878030874,0,0
2020-03-02,Sweden,Europe,10327589,211,2.16894766048494,225,0,0,0,2.0430712337603674,2.178630462540676,0,0
2020-03-09,Sweden,Europe,10327589,838,10.1572593564674,1063,7,0.677796143901544,7,8.114188122707052,10.292818585247728,0.06777961439015437,0.06777961439015437
2020-03-16,Sweden,Europe,10327589,924,17.0610972222074,1987,53,5.8096812334418,60,8.946909099500377,19.239727684748104,0.5131885089540259,0.5809681233441804
2020-03-23,Sweden,Europe,10327589,1957,27.8961527225764,3944,224,26.8213616943897,284,18.949243623076015,38.18897130782412,2.16894766048494,2.74991578382912
2020-03-30,Sweden,Europe,10327589,3228,50.2053286589929,7172,496,69.7161748013016,780,31.2560850359169,69.44505634374102,4.8026698196452235,7.552585603474344
2020-04-06,Sweden,Europe,10327589,3740,67.4697647243708,10912,658,111.739535723197,1438,36.21367968845391,105.65873603219492,6.37128375267451,13.923869356148854
2020-04-13,Sweden,Europe,10327589,3751,72.5338701995209,14663,658,127.42567505349,2096,36.320190511067004,141.97892654326193,6.37128375267451,20.295153108823367
2020-04-20,Sweden,Europe,10327589,4201,76.9976419472154,18864,535,115.515828524935,2631,40.67745143614836,182.65637797941028,5.180299099818941,25.475452208642306
2020-04-27,Sweden,Europe,10327589,3832,77.78194891373,22696,553,105.348886366411,3184,37.104497477581646,219.76087545699193,5.354589536822195,30.830041745464502
2020-05-04,Sweden,Europe,10327589,4153,77.3171744150547,26849,491,101.088453461887,3675,40.21267693747301,259.97355239446495,4.754255809366542,35.584297554831046
2020-05-11,Sweden,Europe,10327589,3869,77.6754380911169,30718,374,83.7562377821193,4049,37.462761153643896,297.43631354810884,3.621367968845391,39.20566552367644
2020-05-18,Sweden,Europe,10327589,3659,72.8921338755832,34377,343,69.4256907396296,4392,35.42937272193926,332.8656862700481,3.3212011051175643,42.526866628794
2020-05-25,Sweden,Europe,10327589,4281,76.8814483225465,38658,269,59.2587485811064,4661,41.452075600607266,374.3177618706554,2.604673752993075,45.131540381787076
2020-06-01,Sweden,Europe,10327589,6021,99.7522267781958,44679,244,49.6727745459274,4905,58.300151177588496,432.61791304824385,2.3626037015996664,47.49414408338674
2020-06-08,Sweden,Europe,10327589,7123,127.270750220598,51802,226,45.5091696619608,5131,68.97059904300994,501.5885120912538,2.1883132645964123,49.68245734798315
2020-06-15,Sweden,Europe,10327589,7073,137.457057983233,58875,190,40.2804565518632,5321,68.48645894022312,570.0749710314769,1.8397323905899043,51.522189738573054
2020-06-22,Sweden,Europe,10327589,7459,140.710479473961,66334,134,31.3722786605857,5455,72.22402053373735,642.2989915652142,1.2974954754686694,52.819685214041726
2020-06-29,Sweden,Europe,10327589,4275,113.61799932201,70609,97,22.3672727487509,5552,41.39397878827285,683.6929703534871,0.9392317994064249,53.75891701344815
2020-07-06,Sweden,Europe,10327589,2179,62.4928044677223,72788,81,17.2353876592107,5633,21.098825679449483,704.7917960329366,0.7843069665146434,54.5432239799628
2020-07-13,Sweden,Europe,10327589,1622,36.8043306138538,74410,51,12.781298713572,5684,15.705504934404342,720.497300967341,0.49382290484255326,55.03704688480535
2020-07-20,Sweden,Europe,10327589,1316,28.4480724397534,75726,30,7.84306966514644,5714,12.74256750534902,733.23986847269,0.2904840616720902,55.32753094647744
2020-07-27,Sweden,Europe,10327589,1556,27.8090075040748,77282,16,4.45408894563872,5730,15.066439998725743,748.3063084714157,0.1549248328917814,55.48245577936922
2020-08-03,Sweden,Europe,10327589,2014,34.5676033389787,79296,16,3.09849665783563,5746,19.501163340252987,767.8074718116687,0.1549248328917814,55.637380612261
2020-08-10,Sweden,Europe,10327589,2052,39.370273158624,81348,17,3.19532467839299,5763,19.869109818370966,787.6765816300397,0.16460763494751776,55.80198824720852
2020-08-17,Sweden,Europe,10327589,1687,36.2039968863982,83035,17,3.29215269895036,5780,16.334887068027204,804.0114686980669,0.16460763494751776,55.966595882156035
2020-08-24,Sweden,Europe,10327589,1200,27.9542495349108,84235,11,2.71118457560618,5791,11.619362466883606,815.6308311649505,0.10651082261309973,56.07310670476914
2020-08-31,Sweden,Europe,10327589,1332,24.5168548051244,85567,11,2.13021645226199,5802,12.897492338240802,828.5283235031912,0.10651082261309973,56.179617527382234
2020-09-07,Sweden,Europe,10327589,1592,28.3125132109731,87159,14,2.42070051393409,5816,15.415020872732251,843.9433443759235,0.13555922878030874,56.31517675616254
2020-09-14,Sweden,Europe,10327589,2080,35.5552491486638,89239,12,2.51752853449145,5828,20.140228275931584,864.0835726518551,0.11619362466883607,56.43137038083138
2020-09-21,Sweden,Europe,10327589,2919,48.404327476626,92158,10,2.13021645226199,5838,28.26409920069437,892.3476718525495,0.09682802055736338,56.52819840138874
2020-09-28,Sweden,Europe,10327589,3642,63.5288642876861,95800,18,2.71118457560618,5856,35.264765086991744,927.6124369395412,0.17429043700325408,56.702488838392
2020-10-05,Sweden,Europe,10327589,4278,76.6877922814318,100078,23,3.9699488428519,5879,41.42302719444005,969.0354641339812,0.22270444728193578,56.925193285673934
2020-10-12,Sweden,Europe,10327589,5620,95.8403747476783,105698,17,3.87312082229454,5896,54.41734755323822,1023.4528116872195,0.16460763494751776,57.08980092062145
2020-10-19,Sweden,Europe,10327589,9156,143.07308317556,114854,50,6.48747737734335,5946,88.65573562232191,1112.1085473095413,0.4841401027868169,57.57394102340827
2020-10-26,Sweden,Europe,10327589,18475,267.545503602051,133329,91,13.6527508985882,6037,178.88976797972884,1290.9983152892703,0.8811349870720068,58.455076010480276
2020-11-02,Sweden,Europe,10327589,25405,424.881354205711,158734,172,25.4657694065866,6209,245.99158622598168,1536.9899015152519,1.6654419535866503,60.12051796406693
2020-11-09,Sweden,Europe,10327589,31319,549.247263809588,190053,237,39.6026604079616,6446,303.25567758360637,1840.2455790988583,2.2948240872095123,62.41534205127644
2020-11-16,Sweden,Europe,10327589,31944,612.563106452048,221997,350,56.8380480671723,6796,309.3074288684416,2149.5530079673,3.3889807195077184,65.80432277078415
2020-11-23,Sweden,Europe,10327589,35560,653.627869970426,257557,429,75.4290280141861,7225,344.3204411019842,2493.873449069284,4.153922081910889,69.95824485269505
2020-11-30,Sweden,Europe,10327589,36839,701.025186033255,294396,468,86.854734439955,7693,356.70474493127097,2850.578194000555,4.531551362084606,74.48979621477964
2020-12-07,Sweden,Europe,10327589,43631,779.175081425103,338027,535,97.1185046190355,8228,422.4703364938322,3273.0485304943873,5.180299099818941,79.6700953145986
2020-12-14,Sweden,Europe,10327589,46178,869.602769823625,384205,627,112.514159887656,8855,447.13243332979266,3720.18096382418,6.071116888946684,85.74121220354527
2020-12-21,Sweden,Europe,10327589,37135,806.703287669562,421340,686,127.135190991818,9541,359.5708543397689,4079.751818163949,6.642402210235129,92.3836144137804
2020-12-28,Sweden,Europe,10327589,41330,759.761063303352,462670,627,127.135190991818,10168,400.19020896358285,4479.942027127532,6.071116888946684,98.45473130272708
2021-01-04,Sweden,Europe,10327589,39464,782.312309291162,502134,644,123.068414128409,10812,382.12210032757883,4862.064127455111,6.235724523894202,104.69045582662129
2021-01-11,Sweden,Europe,10327589,28955,662.487633851425,531089,575,118.033357059426,11387,280.36553352384567,5142.429660978956,5.5676111820483944,110.25806700866968
2021-01-18,Sweden,Europe,10327589,23250,505.490681319716,554339,494,103.509153975822,11881,225.12514779586988,5367.554808774826,4.783304215533751,115.04137122420343
2021-01-25,Sweden,Europe,10327589,20680,425.365494308497,575019,359,82.594301535431,12240,200.24034651262747,5567.795155287454,3.4761259380093454,118.51749716221278
2021-02-01,Sweden,Europe,10327589,19624,390.255654054397,594643,185,52.6744431832057,12425,190.01530754176991,5757.810462829223,1.7913183803112227,120.308815542524
2021-02-08,Sweden,Europe,10327589,21321,396.462330172124,615964,28,20.6243683787184,12453,206.44702263035447,5964.257485459578,0.2711184575606175,120.57993400008462
